index,content_type,best_model,base_avg_score,sft_avg_score,grpo_avg_score,base_critique,sft_critique,grpo_critique,base_scores,sft_scores,grpo_scores
0,social_media_review,B,4.0,4.75,3.75,情感真挚但专业感稍弱,真实感与专业度平衡出色,专业性强但故事性不足,"{'score_authenticity_immersion': 4, 'score_value_engagement': 4, 'score_brand_fit': 3, 'score_instruction_following': 5, 'critique': '情感真挚但专业感稍弱'}","{'score_authenticity_immersion': 5, 'score_value_engagement': 5, 'score_brand_fit': 4, 'score_instruction_following': 5, 'critique': '真实感与专业度平衡出色'}","{'score_authenticity_immersion': 3, 'score_value_engagement': 3, 'score_brand_fit': 5, 'score_instruction_following': 4, 'critique': '专业性强但故事性不足'}"
1,social_media_educational,C,4.5,4.0,4.75,情感真挚，互动性强,专业性强，但故事性弱,科普清晰，品牌契合度高,"{'score_authenticity_immersion': 4, 'score_value_engagement': 5, 'score_brand_fit': 4, 'score_instruction_following': 5, 'critique': '情感真挚，互动性强'}","{'score_authenticity_immersion': 3, 'score_value_engagement': 4, 'score_brand_fit': 5, 'score_instruction_following': 4, 'critique': '专业性强，但故事性弱'}","{'score_authenticity_immersion': 4, 'score_value_engagement': 5, 'score_brand_fit': 5, 'score_instruction_following': 5, 'critique': '科普清晰，品牌契合度高'}"
2,social_media_myth_busting,A,4.75,3.75,3.5,故事引人入胜，品牌契合度高,内容有价值，但故事性稍弱,信息清晰，但缺乏情感共鸣,"{'score_authenticity_immersion': 4, 'score_value_engagement': 5, 'score_brand_fit': 5, 'score_instruction_following': 5, 'critique': '故事引人入胜，品牌契合度高'}","{'score_authenticity_immersion': 3, 'score_value_engagement': 4, 'score_brand_fit': 4, 'score_instruction_following': 4, 'critique': '内容有价值，但故事性稍弱'}","{'score_authenticity_immersion': 3, 'score_value_engagement': 3, 'score_brand_fit': 4, 'score_instruction_following': 4, 'critique': '信息清晰，但缺乏情感共鸣'}"
3,social_media_storytelling,C,4.0,2.5,5.0,故事性强，但品牌专业感稍弱,内容平淡，缺乏亮点,完美融合故事与专业,"{'score_authenticity_immersion': 4, 'score_value_engagement': 4, 'score_brand_fit': 3, 'score_instruction_following': 5, 'critique': '故事性强，但品牌专业感稍弱'}","{'score_authenticity_immersion': 2, 'score_value_engagement': 2, 'score_brand_fit': 3, 'score_instruction_following': 3, 'critique': '内容平淡，缺乏亮点'}","{'score_authenticity_immersion': 5, 'score_value_engagement': 5, 'score_brand_fit': 5, 'score_instruction_following': 5, 'critique': '完美融合故事与专业'}"
4,ecommerce_long_form,C,4.333333333333333,4.666666666666667,5.0,专业且信息清晰，但略显营销感,科学严谨，信任感强,专业、清晰、可信赖,"{'score_professionalism_persuasion': 4, 'score_clarity_value': 5, 'score_trust_building': 4, 'critique': '专业且信息清晰，但略显营销感'}","{'score_professionalism_persuasion': 5, 'score_clarity_value': 4, 'score_trust_building': 5, 'critique': '科学严谨，信任感强'}","{'score_professionalism_persuasion': 5, 'score_clarity_value': 5, 'score_trust_building': 5, 'critique': '专业、清晰、可信赖'}"
5,paid_ad_cta,B,4.4,4.8,4.0,CTA非常明确且有吸引力，但文案略显冗长。,简洁且极具吸引力，但CTA稍显模板化。,文案简洁但吸引力不足，CTA不够突出。,"{'score_suitability_brevity': 3, 'score_click_appeal': 4, 'score_cta_effectiveness': 5, 'score_factual_accuracy': 5, 'score_instruction_following': 5, 'critique': 'CTA非常明确且有吸引力，但文案略显冗长。'}","{'score_suitability_brevity': 5, 'score_click_appeal': 5, 'score_cta_effectiveness': 4, 'score_factual_accuracy': 5, 'score_instruction_following': 5, 'critique': '简洁且极具吸引力，但CTA稍显模板化。'}","{'score_suitability_brevity': 4, 'score_click_appeal': 3, 'score_cta_effectiveness': 3, 'score_factual_accuracy': 5, 'score_instruction_following': 5, 'critique': '文案简洁但吸引力不足，CTA不够突出。'}"
6,paid_ad_pas,B,4.4,4.8,4.0,文案内容丰富，但略显冗长，适合深度阅读但不符合信息流广告的简洁要求。,文案简洁有力，痛点放大解决结构清晰，极具点击吸引力。,文案情感共鸣强，但行动号召部分较弱，缺乏立即点击的冲动。,"{'score_suitability_brevity': 3, 'score_click_appeal': 4, 'score_cta_effectiveness': 5, 'score_factual_accuracy': 5, 'score_instruction_following': 5, 'critique': '文案内容丰富，但略显冗长，适合深度阅读但不符合信息流广告的简洁要求。'}","{'score_suitability_brevity': 5, 'score_click_appeal': 5, 'score_cta_effectiveness': 4, 'score_factual_accuracy': 5, 'score_instruction_following': 5, 'critique': '文案简洁有力，痛点放大解决结构清晰，极具点击吸引力。'}","{'score_suitability_brevity': 4, 'score_click_appeal': 3, 'score_cta_effectiveness': 3, 'score_factual_accuracy': 5, 'score_instruction_following': 5, 'critique': '文案情感共鸣强，但行动号召部分较弱，缺乏立即点击的冲动。'}"
7,paid_ad_bab,C,4.2,4.4,5.0,文案情感共鸣强，但略显冗长，不符合信息流广告的短平快要求。,文案简洁有力，但CTA部分较弱，缺乏明确的行动号召。,文案简洁、直接、有力量，完美符合信息流广告的高效传达需求。,"{'score_suitability_brevity': 3, 'score_click_appeal': 4, 'score_cta_effectiveness': 4, 'score_factual_accuracy': 5, 'score_instruction_following': 5, 'critique': '文案情感共鸣强，但略显冗长，不符合信息流广告的短平快要求。'}","{'score_suitability_brevity': 5, 'score_click_appeal': 4, 'score_cta_effectiveness': 3, 'score_factual_accuracy': 5, 'score_instruction_following': 5, 'critique': '文案简洁有力，但CTA部分较弱，缺乏明确的行动号召。'}","{'score_suitability_brevity': 5, 'score_click_appeal': 5, 'score_cta_effectiveness': 5, 'score_factual_accuracy': 5, 'score_instruction_following': 5, 'critique': '文案简洁、直接、有力量，完美符合信息流广告的高效传达需求。'}"
8,paid_ad_fab,B,4.2,5.0,4.4,文案内容丰富，但略显冗长，不符合'短平快'的要求。,简洁有力，信息高度压缩，完美适配信息流的阅读场景。,文案简洁，但吸引力略逊于模型B。,"{'score_suitability_brevity': 3, 'score_click_appeal': 4, 'score_cta_effectiveness': 4, 'score_factual_accuracy': 5, 'score_instruction_following': 5, 'critique': ""文案内容丰富，但略显冗长，不符合'短平快'的要求。""}","{'score_suitability_brevity': 5, 'score_click_appeal': 5, 'score_cta_effectiveness': 5, 'score_factual_accuracy': 5, 'score_instruction_following': 5, 'critique': '简洁有力，信息高度压缩，完美适配信息流的阅读场景。'}","{'score_suitability_brevity': 4, 'score_click_appeal': 4, 'score_cta_effectiveness': 4, 'score_factual_accuracy': 5, 'score_instruction_following': 5, 'critique': '文案简洁，但吸引力略逊于模型B。'}"
9,social_media_review,A,4.5,4.0,3.0,情感真挚，互动性强,专业感强，故事稍弱,内容平淡，缺乏亮点,"{'score_authenticity_immersion': 4, 'score_value_engagement': 5, 'score_brand_fit': 4, 'score_instruction_following': 5, 'critique': '情感真挚，互动性强'}","{'score_authenticity_immersion': 3, 'score_value_engagement': 4, 'score_brand_fit': 5, 'score_instruction_following': 4, 'critique': '专业感强，故事稍弱'}","{'score_authenticity_immersion': 2, 'score_value_engagement': 3, 'score_brand_fit': 3, 'score_instruction_following': 4, 'critique': '内容平淡，缺乏亮点'}"
10,social_media_educational,C,4.5,4.0,5.0,引人入胜，信息丰富,专业但故事性弱,科学且故事性强,"{'score_authenticity_immersion': 4, 'score_value_engagement': 5, 'score_brand_fit': 4, 'score_instruction_following': 5, 'critique': '引人入胜，信息丰富'}","{'score_authenticity_immersion': 3, 'score_value_engagement': 4, 'score_brand_fit': 5, 'score_instruction_following': 4, 'critique': '专业但故事性弱'}","{'score_authenticity_immersion': 5, 'score_value_engagement': 5, 'score_brand_fit': 5, 'score_instruction_following': 5, 'critique': '科学且故事性强'}"
11,social_media_myth_busting,C,4.5,4.0,5.0,引人入胜但稍显夸张,专业但故事性不足,完美结合故事与专业,"{'score_authenticity_immersion': 4, 'score_value_engagement': 5, 'score_brand_fit': 4, 'score_instruction_following': 5, 'critique': '引人入胜但稍显夸张'}","{'score_authenticity_immersion': 3, 'score_value_engagement': 4, 'score_brand_fit': 5, 'score_instruction_following': 4, 'critique': '专业但故事性不足'}","{'score_authenticity_immersion': 5, 'score_value_engagement': 5, 'score_brand_fit': 5, 'score_instruction_following': 5, 'critique': '完美结合故事与专业'}"
12,social_media_storytelling,C,4.25,3.25,5.0,情感真挚，但稍显广告感,故事性一般，互动潜力有限,真实感强，品牌契合度高,"{'score_authenticity_immersion': 4, 'score_value_engagement': 4, 'score_brand_fit': 4, 'score_instruction_following': 5, 'critique': '情感真挚，但稍显广告感'}","{'score_authenticity_immersion': 3, 'score_value_engagement': 3, 'score_brand_fit': 3, 'score_instruction_following': 4, 'critique': '故事性一般，互动潜力有限'}","{'score_authenticity_immersion': 5, 'score_value_engagement': 5, 'score_brand_fit': 5, 'score_instruction_following': 5, 'critique': '真实感强，品牌契合度高'}"
13,ecommerce_long_form,C,4.333333333333333,3.3333333333333335,5.0,专业且全面，但略显冗长,信息清晰但缺乏深度,专业精准，数据支撑强,"{'score_professionalism_persuasion': 4, 'score_clarity_value': 5, 'score_trust_building': 4, 'critique': '专业且全面，但略显冗长'}","{'score_professionalism_persuasion': 3, 'score_clarity_value': 4, 'score_trust_building': 3, 'critique': '信息清晰但缺乏深度'}","{'score_professionalism_persuasion': 5, 'score_clarity_value': 5, 'score_trust_building': 5, 'critique': '专业精准，数据支撑强'}"
14,paid_ad_cta,A,4.8,4.0,4.4,钩子极具冲击力，能迅速激发好奇心，CTA明确且有说服力。,包含额外信息如小贴士，略显冗长，但核心信息清晰。,极其精炼，信息高度压缩，但CTA较弱。,"{'score_suitability_brevity': 4, 'score_click_appeal': 5, 'score_cta_effectiveness': 5, 'score_factual_accuracy': 5, 'score_instruction_following': 5, 'critique': '钩子极具冲击力，能迅速激发好奇心，CTA明确且有说服力。'}","{'score_suitability_brevity': 3, 'score_click_appeal': 4, 'score_cta_effectiveness': 4, 'score_factual_accuracy': 5, 'score_instruction_following': 4, 'critique': '包含额外信息如小贴士，略显冗长，但核心信息清晰。'}","{'score_suitability_brevity': 5, 'score_click_appeal': 4, 'score_cta_effectiveness': 3, 'score_factual_accuracy': 5, 'score_instruction_following': 5, 'critique': '极其精炼，信息高度压缩，但CTA较弱。'}"
15,paid_ad_pas,B,4.2,5.0,4.4,文案内容丰富，但略显冗长，不适合快速滑动场景。,简洁有力，迅速抓住注意力并引导行动。,平衡了简洁性和吸引力，但CTA稍弱。,"{'score_suitability_brevity': 3, 'score_click_appeal': 4, 'score_cta_effectiveness': 4, 'score_factual_accuracy': 5, 'score_instruction_following': 5, 'critique': '文案内容丰富，但略显冗长，不适合快速滑动场景。'}","{'score_suitability_brevity': 5, 'score_click_appeal': 5, 'score_cta_effectiveness': 5, 'score_factual_accuracy': 5, 'score_instruction_following': 5, 'critique': '简洁有力，迅速抓住注意力并引导行动。'}","{'score_suitability_brevity': 4, 'score_click_appeal': 4, 'score_cta_effectiveness': 4, 'score_factual_accuracy': 5, 'score_instruction_following': 5, 'critique': '平衡了简洁性和吸引力，但CTA稍弱。'}"
16,paid_ad_bab,B,4.2,5.0,4.4,文案情感丰富，但部分内容略显冗长，影响简洁性。,简洁有力，痛点明确，科学背书增强信任感。,结构清晰，但CTA稍弱，缺乏明确的行动引导。,"{'score_suitability_brevity': 3, 'score_click_appeal': 4, 'score_cta_effectiveness': 4, 'score_factual_accuracy': 5, 'score_instruction_following': 5, 'critique': '文案情感丰富，但部分内容略显冗长，影响简洁性。'}","{'score_suitability_brevity': 5, 'score_click_appeal': 5, 'score_cta_effectiveness': 5, 'score_factual_accuracy': 5, 'score_instruction_following': 5, 'critique': '简洁有力，痛点明确，科学背书增强信任感。'}","{'score_suitability_brevity': 4, 'score_click_appeal': 4, 'score_cta_effectiveness': 4, 'score_factual_accuracy': 5, 'score_instruction_following': 5, 'critique': '结构清晰，但CTA稍弱，缺乏明确的行动引导。'}"
17,paid_ad_fab,C,4.0,4.6,4.8,文案内容丰富，但略显冗长，不够简洁。,开头极具冲击力，能迅速激发好奇心，但部分内容略显冗长。,文案简洁明了，信息高度压缩，完美适配信息流的阅读场景。,"{'score_suitability_brevity': 3, 'score_click_appeal': 4, 'score_cta_effectiveness': 3, 'score_factual_accuracy': 5, 'score_instruction_following': 5, 'critique': '文案内容丰富，但略显冗长，不够简洁。'}","{'score_suitability_brevity': 4, 'score_click_appeal': 5, 'score_cta_effectiveness': 4, 'score_factual_accuracy': 5, 'score_instruction_following': 5, 'critique': '开头极具冲击力，能迅速激发好奇心，但部分内容略显冗长。'}","{'score_suitability_brevity': 5, 'score_click_appeal': 4, 'score_cta_effectiveness': 5, 'score_factual_accuracy': 5, 'score_instruction_following': 5, 'critique': '文案简洁明了，信息高度压缩，完美适配信息流的阅读场景。'}"
18,social_media_review,B,4.5,5.0,4.0,情感真挚，互动性强,专业性强，故事真实,内容中规中矩,"{'score_authenticity_immersion': 4, 'score_value_engagement': 5, 'score_brand_fit': 4, 'score_instruction_following': 5, 'critique': '情感真挚，互动性强'}","{'score_authenticity_immersion': 5, 'score_value_engagement': 5, 'score_brand_fit': 5, 'score_instruction_following': 5, 'critique': '专业性强，故事真实'}","{'score_authenticity_immersion': 3, 'score_value_engagement': 4, 'score_brand_fit': 4, 'score_instruction_following': 5, 'critique': '内容中规中矩'}"
19,social_media_educational,C,3.75,4.75,5.0,情感丰富但专业感稍弱,科学性与故事性完美结合,专业深度与品牌理念高度契合,"{'score_authenticity_immersion': 3, 'score_value_engagement': 4, 'score_brand_fit': 3, 'score_instruction_following': 5, 'critique': '情感丰富但专业感稍弱'}","{'score_authenticity_immersion': 4, 'score_value_engagement': 5, 'score_brand_fit': 5, 'score_instruction_following': 5, 'critique': '科学性与故事性完美结合'}","{'score_authenticity_immersion': 5, 'score_value_engagement': 5, 'score_brand_fit': 5, 'score_instruction_following': 5, 'critique': '专业深度与品牌理念高度契合'}"
20,social_media_myth_busting,A,5.0,3.75,4.75,故事真实，科普深入，品牌契合,科普清晰，但故事性较弱,科学解释透彻，品牌契合度高,"{'score_authenticity_immersion': 5, 'score_value_engagement': 5, 'score_brand_fit': 5, 'score_instruction_following': 5, 'critique': '故事真实，科普深入，品牌契合'}","{'score_authenticity_immersion': 3, 'score_value_engagement': 4, 'score_brand_fit': 4, 'score_instruction_following': 4, 'critique': '科普清晰，但故事性较弱'}","{'score_authenticity_immersion': 4, 'score_value_engagement': 5, 'score_brand_fit': 5, 'score_instruction_following': 5, 'critique': '科学解释透彻，品牌契合度高'}"
21,social_media_storytelling,C,4.5,3.5,5.0,情感真挚，互动性强,故事性一般，专业度尚可,专业与情感完美结合,"{'score_authenticity_immersion': 4, 'score_value_engagement': 5, 'score_brand_fit': 4, 'score_instruction_following': 5, 'critique': '情感真挚，互动性强'}","{'score_authenticity_immersion': 3, 'score_value_engagement': 3, 'score_brand_fit': 4, 'score_instruction_following': 4, 'critique': '故事性一般，专业度尚可'}","{'score_authenticity_immersion': 5, 'score_value_engagement': 5, 'score_brand_fit': 5, 'score_instruction_following': 5, 'critique': '专业与情感完美结合'}"
22,ecommerce_long_form,B,4.333333333333333,5.0,4.0,专业性强，信息清晰,科学严谨，信任感强,信息透明，结构清晰,"{'score_professionalism_persuasion': 4, 'score_clarity_value': 5, 'score_trust_building': 4, 'critique': '专业性强，信息清晰'}","{'score_professionalism_persuasion': 5, 'score_clarity_value': 5, 'score_trust_building': 5, 'critique': '科学严谨，信任感强'}","{'score_professionalism_persuasion': 4, 'score_clarity_value': 4, 'score_trust_building': 4, 'critique': '信息透明，结构清晰'}"
23,paid_ad_cta,B,4.4,4.8,4.4,CTA非常明确且有吸引力，但文案略显冗长。,简洁且极具吸引力，但CTA稍显模板化。,文案简洁且信息准确，但吸引力稍逊。,"{'score_suitability_brevity': 3, 'score_click_appeal': 4, 'score_cta_effectiveness': 5, 'score_factual_accuracy': 5, 'score_instruction_following': 5, 'critique': 'CTA非常明确且有吸引力，但文案略显冗长。'}","{'score_suitability_brevity': 5, 'score_click_appeal': 5, 'score_cta_effectiveness': 4, 'score_factual_accuracy': 5, 'score_instruction_following': 5, 'critique': '简洁且极具吸引力，但CTA稍显模板化。'}","{'score_suitability_brevity': 4, 'score_click_appeal': 4, 'score_cta_effectiveness': 4, 'score_factual_accuracy': 5, 'score_instruction_following': 5, 'critique': '文案简洁且信息准确，但吸引力稍逊。'}"
24,paid_ad_pas,B,4.2,5.0,4.4,文案内容丰富，但略显冗长，部分描述可更简洁。,文案简洁有力，痛点放大和解决部分紧密结合，CTA明确。,文案结构清晰，但部分描述可更简洁，CTA稍弱。,"{'score_suitability_brevity': 3, 'score_click_appeal': 4, 'score_cta_effectiveness': 4, 'score_factual_accuracy': 5, 'score_instruction_following': 5, 'critique': '文案内容丰富，但略显冗长，部分描述可更简洁。'}","{'score_suitability_brevity': 5, 'score_click_appeal': 5, 'score_cta_effectiveness': 5, 'score_factual_accuracy': 5, 'score_instruction_following': 5, 'critique': '文案简洁有力，痛点放大和解决部分紧密结合，CTA明确。'}","{'score_suitability_brevity': 4, 'score_click_appeal': 4, 'score_cta_effectiveness': 4, 'score_factual_accuracy': 5, 'score_instruction_following': 5, 'critique': '文案结构清晰，但部分描述可更简洁，CTA稍弱。'}"
25,paid_ad_bab,C,3.4,4.6,5.0,灾难性的冗长，完全不适合作为付费广告,简洁有力，科学背书突出,简洁有力，情感与理性完美结合,"{'score_suitability_brevity': 1, 'score_click_appeal': 3, 'score_cta_effectiveness': 3, 'score_factual_accuracy': 5, 'score_instruction_following': 5, 'critique': '灾难性的冗长，完全不适合作为付费广告'}","{'score_suitability_brevity': 5, 'score_click_appeal': 4, 'score_cta_effectiveness': 4, 'score_factual_accuracy': 5, 'score_instruction_following': 5, 'critique': '简洁有力，科学背书突出'}","{'score_suitability_brevity': 5, 'score_click_appeal': 5, 'score_cta_effectiveness': 5, 'score_factual_accuracy': 5, 'score_instruction_following': 5, 'critique': '简洁有力，情感与理性完美结合'}"
26,paid_ad_fab,C,4.2,4.6,4.8,文案内容丰富，但略显冗长，适合深度阅读但不符合信息流广告的快速浏览特性。,简洁有力，视觉描述增强了吸引力，但CTA部分较弱，缺乏明确的行动指引。,科技感和专业性突出，数据支持增强了可信度，但部分内容稍显复杂，可能不适合快速浏览。,"{'score_suitability_brevity': 3, 'score_click_appeal': 4, 'score_cta_effectiveness': 4, 'score_factual_accuracy': 5, 'score_instruction_following': 5, 'critique': '文案内容丰富，但略显冗长，适合深度阅读但不符合信息流广告的快速浏览特性。'}","{'score_suitability_brevity': 5, 'score_click_appeal': 5, 'score_cta_effectiveness': 3, 'score_factual_accuracy': 5, 'score_instruction_following': 5, 'critique': '简洁有力，视觉描述增强了吸引力，但CTA部分较弱，缺乏明确的行动指引。'}","{'score_suitability_brevity': 4, 'score_click_appeal': 5, 'score_cta_effectiveness': 5, 'score_factual_accuracy': 5, 'score_instruction_following': 5, 'critique': '科技感和专业性突出，数据支持增强了可信度，但部分内容稍显复杂，可能不适合快速浏览。'}"
27,social_media_review,A,4.5,4.25,4.25,情感真挚，互动性强,专业性强，细节丰富,温和有效，故事性强,"{'score_authenticity_immersion': 4, 'score_value_engagement': 5, 'score_brand_fit': 4, 'score_instruction_following': 5, 'critique': '情感真挚，互动性强'}","{'score_authenticity_immersion': 3, 'score_value_engagement': 4, 'score_brand_fit': 5, 'score_instruction_following': 5, 'critique': '专业性强，细节丰富'}","{'score_authenticity_immersion': 4, 'score_value_engagement': 4, 'score_brand_fit': 4, 'score_instruction_following': 5, 'critique': '温和有效，故事性强'}"
28,social_media_educational,C,4.0,3.75,5.0,情感真挚但专业感稍弱,科学性强但故事性不足,专业与故事完美融合,"{'score_authenticity_immersion': 4, 'score_value_engagement': 4, 'score_brand_fit': 3, 'score_instruction_following': 5, 'critique': '情感真挚但专业感稍弱'}","{'score_authenticity_immersion': 3, 'score_value_engagement': 4, 'score_brand_fit': 4, 'score_instruction_following': 4, 'critique': '科学性强但故事性不足'}","{'score_authenticity_immersion': 5, 'score_value_engagement': 5, 'score_brand_fit': 5, 'score_instruction_following': 5, 'critique': '专业与故事完美融合'}"
29,social_media_myth_busting,B,3.75,5.0,4.75,信息丰富但故事性较弱,故事引人入胜，专业性强,科学性强，互动潜力高,"{'score_authenticity_immersion': 3, 'score_value_engagement': 4, 'score_brand_fit': 3, 'score_instruction_following': 5, 'critique': '信息丰富但故事性较弱'}","{'score_authenticity_immersion': 5, 'score_value_engagement': 5, 'score_brand_fit': 5, 'score_instruction_following': 5, 'critique': '故事引人入胜，专业性强'}","{'score_authenticity_immersion': 4, 'score_value_engagement': 5, 'score_brand_fit': 5, 'score_instruction_following': 5, 'critique': '科学性强，互动潜力高'}"
30,social_media_storytelling,C,4.5,4.0,4.75,情感真挚，互动性强,专业性强，故事稍弱,故事真实，品牌契合,"{'score_authenticity_immersion': 4, 'score_value_engagement': 5, 'score_brand_fit': 4, 'score_instruction_following': 5, 'critique': '情感真挚，互动性强'}","{'score_authenticity_immersion': 3, 'score_value_engagement': 4, 'score_brand_fit': 5, 'score_instruction_following': 4, 'critique': '专业性强，故事稍弱'}","{'score_authenticity_immersion': 5, 'score_value_engagement': 4, 'score_brand_fit': 5, 'score_instruction_following': 5, 'critique': '故事真实，品牌契合'}"
31,ecommerce_long_form,A,5.0,4.0,3.0,专业且全面，极具说服力,专业但略显简洁,信息完整但结构稍乱,"{'score_professionalism_persuasion': 5, 'score_clarity_value': 5, 'score_trust_building': 5, 'critique': '专业且全面，极具说服力'}","{'score_professionalism_persuasion': 4, 'score_clarity_value': 4, 'score_trust_building': 4, 'critique': '专业但略显简洁'}","{'score_professionalism_persuasion': 3, 'score_clarity_value': 3, 'score_trust_building': 3, 'critique': '信息完整但结构稍乱'}"
32,paid_ad_cta,B,4.4,4.8,4.4,CTA明确且有说服力，但文案略显冗长,简洁且极具吸引力，但CTA稍弱,整体平衡，但缺乏突出的亮点,"{'score_suitability_brevity': 3, 'score_click_appeal': 4, 'score_cta_effectiveness': 5, 'score_factual_accuracy': 5, 'score_instruction_following': 5, 'critique': 'CTA明确且有说服力，但文案略显冗长'}","{'score_suitability_brevity': 5, 'score_click_appeal': 5, 'score_cta_effectiveness': 4, 'score_factual_accuracy': 5, 'score_instruction_following': 5, 'critique': '简洁且极具吸引力，但CTA稍弱'}","{'score_suitability_brevity': 4, 'score_click_appeal': 4, 'score_cta_effectiveness': 4, 'score_factual_accuracy': 5, 'score_instruction_following': 5, 'critique': '整体平衡，但缺乏突出的亮点'}"
33,paid_ad_pas,C,4.6,4.6,4.8,痛点放大解决风格突出，但文案略显冗长,简洁有力，但点击吸引力稍逊,痛点放大解决风格明确，且包含临床数据增强说服力,"{'score_suitability_brevity': 3, 'score_click_appeal': 5, 'score_cta_effectiveness': 5, 'score_factual_accuracy': 5, 'score_instruction_following': 5, 'critique': '痛点放大解决风格突出，但文案略显冗长'}","{'score_suitability_brevity': 5, 'score_click_appeal': 4, 'score_cta_effectiveness': 4, 'score_factual_accuracy': 5, 'score_instruction_following': 5, 'critique': '简洁有力，但点击吸引力稍逊'}","{'score_suitability_brevity': 4, 'score_click_appeal': 5, 'score_cta_effectiveness': 5, 'score_factual_accuracy': 5, 'score_instruction_following': 5, 'critique': '痛点放大解决风格明确，且包含临床数据增强说服力'}"
34,paid_ad_bab,B,3.8,5.0,4.4,文案过于冗长，不符合信息流广告的简洁要求,简洁有力，痛点直击，解决方案明确,结构清晰，但吸引力略逊于模型B,"{'score_suitability_brevity': 2, 'score_click_appeal': 4, 'score_cta_effectiveness': 3, 'score_factual_accuracy': 5, 'score_instruction_following': 5, 'critique': '文案过于冗长，不符合信息流广告的简洁要求'}","{'score_suitability_brevity': 5, 'score_click_appeal': 5, 'score_cta_effectiveness': 5, 'score_factual_accuracy': 5, 'score_instruction_following': 5, 'critique': '简洁有力，痛点直击，解决方案明确'}","{'score_suitability_brevity': 4, 'score_click_appeal': 4, 'score_cta_effectiveness': 4, 'score_factual_accuracy': 5, 'score_instruction_following': 5, 'critique': '结构清晰，但吸引力略逊于模型B'}"
35,paid_ad_fab,B,4.2,5.0,4.2,文案内容丰富，但略显冗长，不适合快速滑动场景。,简洁有力，开头即击中痛点，CTA明确且吸引人。,文案简洁但开头吸引力不足，CTA较为明确。,"{'score_suitability_brevity': 3, 'score_click_appeal': 4, 'score_cta_effectiveness': 4, 'score_factual_accuracy': 5, 'score_instruction_following': 5, 'critique': '文案内容丰富，但略显冗长，不适合快速滑动场景。'}","{'score_suitability_brevity': 5, 'score_click_appeal': 5, 'score_cta_effectiveness': 5, 'score_factual_accuracy': 5, 'score_instruction_following': 5, 'critique': '简洁有力，开头即击中痛点，CTA明确且吸引人。'}","{'score_suitability_brevity': 4, 'score_click_appeal': 3, 'score_cta_effectiveness': 4, 'score_factual_accuracy': 5, 'score_instruction_following': 5, 'critique': '文案简洁但开头吸引力不足，CTA较为明确。'}"
36,social_media_review,A,5.0,4.0,3.0,情感真挚，品牌契合度高,内容实用，但情感稍弱,信息完整，但缺乏亮点,"{'score_authenticity_immersion': 5, 'score_value_engagement': 5, 'score_brand_fit': 5, 'score_instruction_following': 5, 'critique': '情感真挚，品牌契合度高'}","{'score_authenticity_immersion': 4, 'score_value_engagement': 4, 'score_brand_fit': 4, 'score_instruction_following': 4, 'critique': '内容实用，但情感稍弱'}","{'score_authenticity_immersion': 3, 'score_value_engagement': 3, 'score_brand_fit': 3, 'score_instruction_following': 3, 'critique': '信息完整，但缺乏亮点'}"
37,social_media_educational,A,5.0,3.75,2.75,情感真挚，专业与温度并存,科普性强，但故事感稍弱,内容专业，但缺乏情感共鸣,"{'score_authenticity_immersion': 5, 'score_value_engagement': 5, 'score_brand_fit': 5, 'score_instruction_following': 5, 'critique': '情感真挚，专业与温度并存'}","{'score_authenticity_immersion': 3, 'score_value_engagement': 4, 'score_brand_fit': 4, 'score_instruction_following': 4, 'critique': '科普性强，但故事感稍弱'}","{'score_authenticity_immersion': 2, 'score_value_engagement': 3, 'score_brand_fit': 3, 'score_instruction_following': 3, 'critique': '内容专业，但缺乏情感共鸣'}"
38,social_media_myth_busting,A,4.75,3.5,4.5,专业且引人入胜的科普,个人体验分享，略显平淡,科学配方与个人体验结合,"{'score_authenticity_immersion': 4, 'score_value_engagement': 5, 'score_brand_fit': 5, 'score_instruction_following': 5, 'critique': '专业且引人入胜的科普'}","{'score_authenticity_immersion': 3, 'score_value_engagement': 3, 'score_brand_fit': 4, 'score_instruction_following': 4, 'critique': '个人体验分享，略显平淡'}","{'score_authenticity_immersion': 4, 'score_value_engagement': 4, 'score_brand_fit': 5, 'score_instruction_following': 5, 'critique': '科学配方与个人体验结合'}"
39,social_media_storytelling,B,4.5,4.75,3.5,情感真挚，互动性强,专业感强，故事完整,内容中规中矩,"{'score_authenticity_immersion': 4, 'score_value_engagement': 5, 'score_brand_fit': 4, 'score_instruction_following': 5, 'critique': '情感真挚，互动性强'}","{'score_authenticity_immersion': 5, 'score_value_engagement': 4, 'score_brand_fit': 5, 'score_instruction_following': 5, 'critique': '专业感强，故事完整'}","{'score_authenticity_immersion': 3, 'score_value_engagement': 3, 'score_brand_fit': 4, 'score_instruction_following': 4, 'critique': '内容中规中矩'}"
40,ecommerce_long_form,A,5.0,4.0,3.0,专业性强，信息清晰，信任感高,专业且清晰，信任感良好,信息完整，但说服力一般,"{'score_professionalism_persuasion': 5, 'score_clarity_value': 5, 'score_trust_building': 5, 'critique': '专业性强，信息清晰，信任感高'}","{'score_professionalism_persuasion': 4, 'score_clarity_value': 4, 'score_trust_building': 4, 'critique': '专业且清晰，信任感良好'}","{'score_professionalism_persuasion': 3, 'score_clarity_value': 3, 'score_trust_building': 3, 'critique': '信息完整，但说服力一般'}"
41,paid_ad_cta,C,4.4,4.2,5.0,文案内容丰富，但略显冗长，不适合快速滑动浏览,简洁明了，但缺乏足够的吸引力和行动号召力,简洁有力，钩子吸引人，行动号召明确，完美符合评测标准,"{'score_suitability_brevity': 3, 'score_click_appeal': 4, 'score_cta_effectiveness': 5, 'score_factual_accuracy': 5, 'score_instruction_following': 5, 'critique': '文案内容丰富，但略显冗长，不适合快速滑动浏览'}","{'score_suitability_brevity': 5, 'score_click_appeal': 3, 'score_cta_effectiveness': 3, 'score_factual_accuracy': 5, 'score_instruction_following': 5, 'critique': '简洁明了，但缺乏足够的吸引力和行动号召力'}","{'score_suitability_brevity': 5, 'score_click_appeal': 5, 'score_cta_effectiveness': 5, 'score_factual_accuracy': 5, 'score_instruction_following': 5, 'critique': '简洁有力，钩子吸引人，行动号召明确，完美符合评测标准'}"
42,paid_ad_pas,A,4.6,4.2,4.4,文案极具冲击力，能迅速激发好奇心或击中痛点，但略显冗长。,文案简洁明了，但开头吸引力不足，CTA较弱。,文案简洁且有吸引力，CTA明确，但冲击力稍逊于模型A。,"{'score_suitability_brevity': 3, 'score_click_appeal': 5, 'score_cta_effectiveness': 5, 'score_factual_accuracy': 5, 'score_instruction_following': 5, 'critique': '文案极具冲击力，能迅速激发好奇心或击中痛点，但略显冗长。'}","{'score_suitability_brevity': 5, 'score_click_appeal': 3, 'score_cta_effectiveness': 3, 'score_factual_accuracy': 5, 'score_instruction_following': 5, 'critique': '文案简洁明了，但开头吸引力不足，CTA较弱。'}","{'score_suitability_brevity': 4, 'score_click_appeal': 4, 'score_cta_effectiveness': 4, 'score_factual_accuracy': 5, 'score_instruction_following': 5, 'critique': '文案简洁且有吸引力，CTA明确，但冲击力稍逊于模型A。'}"
43,paid_ad_bab,C,3.4,4.8,5.0,灾难性的冗长，完全不适合作为付费广告,简洁有力，行动号召明确,极具冲击力，能迅速激发好奇心或击中痛点,"{'score_suitability_brevity': 1, 'score_click_appeal': 3, 'score_cta_effectiveness': 3, 'score_factual_accuracy': 5, 'score_instruction_following': 5, 'critique': '灾难性的冗长，完全不适合作为付费广告'}","{'score_suitability_brevity': 5, 'score_click_appeal': 4, 'score_cta_effectiveness': 5, 'score_factual_accuracy': 5, 'score_instruction_following': 5, 'critique': '简洁有力，行动号召明确'}","{'score_suitability_brevity': 5, 'score_click_appeal': 5, 'score_cta_effectiveness': 5, 'score_factual_accuracy': 5, 'score_instruction_following': 5, 'critique': '极具冲击力，能迅速激发好奇心或击中痛点'}"
44,paid_ad_fab,C,4.2,4.0,5.0,文案内容丰富，但略显冗长，部分信息可进一步精简。,文案结构清晰，但开头吸引力不足，CTA较弱。,文案简洁有力，信息高度压缩，完美适配信息流广告。,"{'score_suitability_brevity': 3, 'score_click_appeal': 4, 'score_cta_effectiveness': 4, 'score_factual_accuracy': 5, 'score_instruction_following': 5, 'critique': '文案内容丰富，但略显冗长，部分信息可进一步精简。'}","{'score_suitability_brevity': 4, 'score_click_appeal': 3, 'score_cta_effectiveness': 3, 'score_factual_accuracy': 5, 'score_instruction_following': 5, 'critique': '文案结构清晰，但开头吸引力不足，CTA较弱。'}","{'score_suitability_brevity': 5, 'score_click_appeal': 5, 'score_cta_effectiveness': 5, 'score_factual_accuracy': 5, 'score_instruction_following': 5, 'critique': '文案简洁有力，信息高度压缩，完美适配信息流广告。'}"
45,social_media_review,A,4.5,3.5,4.5,情感真挚，互动性强,内容中规中矩,专业且真实,"{'score_authenticity_immersion': 4, 'score_value_engagement': 5, 'score_brand_fit': 4, 'score_instruction_following': 5, 'critique': '情感真挚，互动性强'}","{'score_authenticity_immersion': 3, 'score_value_engagement': 4, 'score_brand_fit': 3, 'score_instruction_following': 4, 'critique': '内容中规中矩'}","{'score_authenticity_immersion': 4, 'score_value_engagement': 4, 'score_brand_fit': 5, 'score_instruction_following': 5, 'critique': '专业且真实'}"
46,social_media_educational,C,3.5,4.75,5.0,情感真挚但专业感稍弱,专业与科普完美结合,科学深度与品牌理念融合,"{'score_authenticity_immersion': 3, 'score_value_engagement': 4, 'score_brand_fit': 3, 'score_instruction_following': 4, 'critique': '情感真挚但专业感稍弱'}","{'score_authenticity_immersion': 4, 'score_value_engagement': 5, 'score_brand_fit': 5, 'score_instruction_following': 5, 'critique': '专业与科普完美结合'}","{'score_authenticity_immersion': 5, 'score_value_engagement': 5, 'score_brand_fit': 5, 'score_instruction_following': 5, 'critique': '科学深度与品牌理念融合'}"
47,social_media_myth_busting,C,4.5,3.5,5.0,信息丰富，互动性强,内容有价值，但故事性较弱,故事真实，品牌契合度高,"{'score_authenticity_immersion': 4, 'score_value_engagement': 5, 'score_brand_fit': 4, 'score_instruction_following': 5, 'critique': '信息丰富，互动性强'}","{'score_authenticity_immersion': 3, 'score_value_engagement': 4, 'score_brand_fit': 3, 'score_instruction_following': 4, 'critique': '内容有价值，但故事性较弱'}","{'score_authenticity_immersion': 5, 'score_value_engagement': 5, 'score_brand_fit': 5, 'score_instruction_following': 5, 'critique': '故事真实，品牌契合度高'}"
48,social_media_storytelling,B,4.25,5.0,3.5,情感真挚，互动性强,专业与情感完美融合,内容中规中矩,"{'score_authenticity_immersion': 4, 'score_value_engagement': 4, 'score_brand_fit': 4, 'score_instruction_following': 5, 'critique': '情感真挚，互动性强'}","{'score_authenticity_immersion': 5, 'score_value_engagement': 5, 'score_brand_fit': 5, 'score_instruction_following': 5, 'critique': '专业与情感完美融合'}","{'score_authenticity_immersion': 3, 'score_value_engagement': 3, 'score_brand_fit': 4, 'score_instruction_following': 4, 'critique': '内容中规中矩'}"
49,ecommerce_long_form,B,4.0,5.0,4.0,专业且全面，但略显常规,科学严谨，细节满分,简洁有力，稍欠深度,"{'score_professionalism_persuasion': 4, 'score_clarity_value': 4, 'score_trust_building': 4, 'critique': '专业且全面，但略显常规'}","{'score_professionalism_persuasion': 5, 'score_clarity_value': 5, 'score_trust_building': 5, 'critique': '科学严谨，细节满分'}","{'score_professionalism_persuasion': 4, 'score_clarity_value': 4, 'score_trust_building': 4, 'critique': '简洁有力，稍欠深度'}"
50,paid_ad_cta,B,4.4,4.8,4.6,CTA明确且有吸引力，但文案略显冗长,简洁且极具吸引力，但CTA稍弱,CTA有效且信息清晰，但钩子部分稍显平淡,"{'score_suitability_brevity': 3, 'score_click_appeal': 4, 'score_cta_effectiveness': 5, 'score_factual_accuracy': 5, 'score_instruction_following': 5, 'critique': 'CTA明确且有吸引力，但文案略显冗长'}","{'score_suitability_brevity': 5, 'score_click_appeal': 5, 'score_cta_effectiveness': 4, 'score_factual_accuracy': 5, 'score_instruction_following': 5, 'critique': '简洁且极具吸引力，但CTA稍弱'}","{'score_suitability_brevity': 4, 'score_click_appeal': 4, 'score_cta_effectiveness': 5, 'score_factual_accuracy': 5, 'score_instruction_following': 5, 'critique': 'CTA有效且信息清晰，但钩子部分稍显平淡'}"
51,paid_ad_pas,C,4.4,4.4,4.6,痛点放大效果极佳，但文案稍显冗长,简洁有力，但CTA略显模板化,CTA明确有力，但痛点放大稍弱,"{'score_suitability_brevity': 3, 'score_click_appeal': 5, 'score_cta_effectiveness': 4, 'score_factual_accuracy': 5, 'score_instruction_following': 5, 'critique': '痛点放大效果极佳，但文案稍显冗长'}","{'score_suitability_brevity': 5, 'score_click_appeal': 4, 'score_cta_effectiveness': 3, 'score_factual_accuracy': 5, 'score_instruction_following': 5, 'critique': '简洁有力，但CTA略显模板化'}","{'score_suitability_brevity': 4, 'score_click_appeal': 4, 'score_cta_effectiveness': 5, 'score_factual_accuracy': 5, 'score_instruction_following': 5, 'critique': 'CTA明确有力，但痛点放大稍弱'}"
52,paid_ad_bab,C,4.2,4.6,5.0,文案情感共鸣强，但略显冗长，不适合快速滑动场景。,简洁有力，行动号召明确，但开头吸引力稍弱。,简洁且极具冲击力，完美适配信息流广告的快速阅读场景。,"{'score_suitability_brevity': 3, 'score_click_appeal': 4, 'score_cta_effectiveness': 4, 'score_factual_accuracy': 5, 'score_instruction_following': 5, 'critique': '文案情感共鸣强，但略显冗长，不适合快速滑动场景。'}","{'score_suitability_brevity': 4, 'score_click_appeal': 4, 'score_cta_effectiveness': 5, 'score_factual_accuracy': 5, 'score_instruction_following': 5, 'critique': '简洁有力，行动号召明确，但开头吸引力稍弱。'}","{'score_suitability_brevity': 5, 'score_click_appeal': 5, 'score_cta_effectiveness': 5, 'score_factual_accuracy': 5, 'score_instruction_following': 5, 'critique': '简洁且极具冲击力，完美适配信息流广告的快速阅读场景。'}"
53,paid_ad_fab,B,4.2,5.0,4.4,文案内容丰富，但略显冗长，不适合快速滑动场景。,简洁有力，信息高度压缩，完美适配信息流广告。,文案简洁，但吸引力稍逊于模型B。,"{'score_suitability_brevity': 3, 'score_click_appeal': 4, 'score_cta_effectiveness': 4, 'score_factual_accuracy': 5, 'score_instruction_following': 5, 'critique': '文案内容丰富，但略显冗长，不适合快速滑动场景。'}","{'score_suitability_brevity': 5, 'score_click_appeal': 5, 'score_cta_effectiveness': 5, 'score_factual_accuracy': 5, 'score_instruction_following': 5, 'critique': '简洁有力，信息高度压缩，完美适配信息流广告。'}","{'score_suitability_brevity': 4, 'score_click_appeal': 4, 'score_cta_effectiveness': 4, 'score_factual_accuracy': 5, 'score_instruction_following': 5, 'critique': '文案简洁，但吸引力稍逊于模型B。'}"
54,social_media_review,B,4.5,5.0,4.25,情感真挚，互动性强,专业与真实完美结合,实用建议，细节丰富,"{'score_authenticity_immersion': 4, 'score_value_engagement': 5, 'score_brand_fit': 4, 'score_instruction_following': 5, 'critique': '情感真挚，互动性强'}","{'score_authenticity_immersion': 5, 'score_value_engagement': 5, 'score_brand_fit': 5, 'score_instruction_following': 5, 'critique': '专业与真实完美结合'}","{'score_authenticity_immersion': 4, 'score_value_engagement': 4, 'score_brand_fit': 4, 'score_instruction_following': 5, 'critique': '实用建议，细节丰富'}"
55,social_media_educational,B,4.25,5.0,4.25,情感真挚，科普清晰,专业与故事完美融合,专业性强但故事性弱,"{'score_authenticity_immersion': 4, 'score_value_engagement': 4, 'score_brand_fit': 4, 'score_instruction_following': 5, 'critique': '情感真挚，科普清晰'}","{'score_authenticity_immersion': 5, 'score_value_engagement': 5, 'score_brand_fit': 5, 'score_instruction_following': 5, 'critique': '专业与故事完美融合'}","{'score_authenticity_immersion': 3, 'score_value_engagement': 4, 'score_brand_fit': 5, 'score_instruction_following': 5, 'critique': '专业性强但故事性弱'}"
56,social_media_myth_busting,C,4.75,3.75,5.0,专业且引人入胜的科普,真实但略显简单,科学严谨且故事性强,"{'score_authenticity_immersion': 4, 'score_value_engagement': 5, 'score_brand_fit': 5, 'score_instruction_following': 5, 'critique': '专业且引人入胜的科普'}","{'score_authenticity_immersion': 3, 'score_value_engagement': 4, 'score_brand_fit': 4, 'score_instruction_following': 4, 'critique': '真实但略显简单'}","{'score_authenticity_immersion': 5, 'score_value_engagement': 5, 'score_brand_fit': 5, 'score_instruction_following': 5, 'critique': '科学严谨且故事性强'}"
57,social_media_storytelling,C,4.25,3.5,5.0,情感真挚，细节丰富,中规中矩，缺乏亮点,完美融合专业与真实,"{'score_authenticity_immersion': 4, 'score_value_engagement': 4, 'score_brand_fit': 4, 'score_instruction_following': 5, 'critique': '情感真挚，细节丰富'}","{'score_authenticity_immersion': 3, 'score_value_engagement': 3, 'score_brand_fit': 4, 'score_instruction_following': 4, 'critique': '中规中矩，缺乏亮点'}","{'score_authenticity_immersion': 5, 'score_value_engagement': 5, 'score_brand_fit': 5, 'score_instruction_following': 5, 'critique': '完美融合专业与真实'}"
58,ecommerce_long_form,B,4.333333333333333,5.0,4.0,专业且情感共鸣强,数据支撑强，结构清晰,科学性强但略显平淡,"{'score_professionalism_persuasion': 4, 'score_clarity_value': 5, 'score_trust_building': 4, 'critique': '专业且情感共鸣强'}","{'score_professionalism_persuasion': 5, 'score_clarity_value': 5, 'score_trust_building': 5, 'critique': '数据支撑强，结构清晰'}","{'score_professionalism_persuasion': 4, 'score_clarity_value': 4, 'score_trust_building': 4, 'critique': '科学性强但略显平淡'}"
59,paid_ad_cta,B,4.4,4.8,4.0,CTA非常明确且有吸引力，但文案略显冗长,简洁有力，钩子极具吸引力,简洁但钩子吸引力稍弱,"{'score_suitability_brevity': 3, 'score_click_appeal': 4, 'score_cta_effectiveness': 5, 'score_factual_accuracy': 5, 'score_instruction_following': 5, 'critique': 'CTA非常明确且有吸引力，但文案略显冗长'}","{'score_suitability_brevity': 5, 'score_click_appeal': 5, 'score_cta_effectiveness': 4, 'score_factual_accuracy': 5, 'score_instruction_following': 5, 'critique': '简洁有力，钩子极具吸引力'}","{'score_suitability_brevity': 4, 'score_click_appeal': 3, 'score_cta_effectiveness': 3, 'score_factual_accuracy': 5, 'score_instruction_following': 5, 'critique': '简洁但钩子吸引力稍弱'}"
60,paid_ad_pas,C,4.6,4.6,5.0,痛点放大效果极佳，但文案略显冗长,简洁有力，但CTA稍显模板化,完美平衡简洁性和痛点放大效果,"{'score_suitability_brevity': 3, 'score_click_appeal': 5, 'score_cta_effectiveness': 5, 'score_factual_accuracy': 5, 'score_instruction_following': 5, 'critique': '痛点放大效果极佳，但文案略显冗长'}","{'score_suitability_brevity': 5, 'score_click_appeal': 4, 'score_cta_effectiveness': 4, 'score_factual_accuracy': 5, 'score_instruction_following': 5, 'critique': '简洁有力，但CTA稍显模板化'}","{'score_suitability_brevity': 5, 'score_click_appeal': 5, 'score_cta_effectiveness': 5, 'score_factual_accuracy': 5, 'score_instruction_following': 5, 'critique': '完美平衡简洁性和痛点放大效果'}"
61,paid_ad_bab,B,4.2,4.8,4.2,文案情感共鸣强，但略显冗长,简洁有力，痛点与解决方案清晰,信息准确但CTA较弱,"{'score_suitability_brevity': 3, 'score_click_appeal': 4, 'score_cta_effectiveness': 4, 'score_factual_accuracy': 5, 'score_instruction_following': 5, 'critique': '文案情感共鸣强，但略显冗长'}","{'score_suitability_brevity': 5, 'score_click_appeal': 5, 'score_cta_effectiveness': 4, 'score_factual_accuracy': 5, 'score_instruction_following': 5, 'critique': '简洁有力，痛点与解决方案清晰'}","{'score_suitability_brevity': 4, 'score_click_appeal': 4, 'score_cta_effectiveness': 3, 'score_factual_accuracy': 5, 'score_instruction_following': 5, 'critique': '信息准确但CTA较弱'}"
62,paid_ad_fab,B,4.2,5.0,4.4,文案内容丰富，但略显冗长，部分信息可精简,简洁有力，信息点突出，CTA明确,结构清晰，但部分内容可进一步压缩,"{'score_suitability_brevity': 3, 'score_click_appeal': 4, 'score_cta_effectiveness': 4, 'score_factual_accuracy': 5, 'score_instruction_following': 5, 'critique': '文案内容丰富，但略显冗长，部分信息可精简'}","{'score_suitability_brevity': 5, 'score_click_appeal': 5, 'score_cta_effectiveness': 5, 'score_factual_accuracy': 5, 'score_instruction_following': 5, 'critique': '简洁有力，信息点突出，CTA明确'}","{'score_suitability_brevity': 4, 'score_click_appeal': 4, 'score_cta_effectiveness': 4, 'score_factual_accuracy': 5, 'score_instruction_following': 5, 'critique': '结构清晰，但部分内容可进一步压缩'}"
63,social_media_review,B,4.5,4.75,4.0,情感真挚，互动性强,人设真实，品牌契合,内容有价值，故事稍弱,"{'score_authenticity_immersion': 4, 'score_value_engagement': 5, 'score_brand_fit': 4, 'score_instruction_following': 5, 'critique': '情感真挚，互动性强'}","{'score_authenticity_immersion': 5, 'score_value_engagement': 4, 'score_brand_fit': 5, 'score_instruction_following': 5, 'critique': '人设真实，品牌契合'}","{'score_authenticity_immersion': 3, 'score_value_engagement': 4, 'score_brand_fit': 4, 'score_instruction_following': 5, 'critique': '内容有价值，故事稍弱'}"
64,social_media_educational,C,4.0,4.75,5.0,科普性强，但故事性稍弱,专业性强，科学感十足,故事与科学完美结合,"{'score_authenticity_immersion': 3, 'score_value_engagement': 4, 'score_brand_fit': 4, 'score_instruction_following': 5, 'critique': '科普性强，但故事性稍弱'}","{'score_authenticity_immersion': 4, 'score_value_engagement': 5, 'score_brand_fit': 5, 'score_instruction_following': 5, 'critique': '专业性强，科学感十足'}","{'score_authenticity_immersion': 5, 'score_value_engagement': 5, 'score_brand_fit': 5, 'score_instruction_following': 5, 'critique': '故事与科学完美结合'}"
65,social_media_storytelling,A,4.5,3.5,4.5,情感真挚，互动性强,内容中规中矩,专业且真实,"{'score_authenticity_immersion': 4, 'score_value_engagement': 5, 'score_brand_fit': 4, 'score_instruction_following': 5, 'critique': '情感真挚，互动性强'}","{'score_authenticity_immersion': 3, 'score_value_engagement': 3, 'score_brand_fit': 4, 'score_instruction_following': 4, 'critique': '内容中规中矩'}","{'score_authenticity_immersion': 4, 'score_value_engagement': 4, 'score_brand_fit': 5, 'score_instruction_following': 5, 'critique': '专业且真实'}"
66,ecommerce_long_form,A,5.0,4.0,3.0,专业权威，信息全面,专业但结构稍乱,信息清晰但说服力一般,"{'score_professionalism_persuasion': 5, 'score_clarity_value': 5, 'score_trust_building': 5, 'critique': '专业权威，信息全面'}","{'score_professionalism_persuasion': 4, 'score_clarity_value': 4, 'score_trust_building': 4, 'critique': '专业但结构稍乱'}","{'score_professionalism_persuasion': 3, 'score_clarity_value': 3, 'score_trust_building': 3, 'critique': '信息清晰但说服力一般'}"
67,paid_ad_cta,C,4.6,4.6,5.0,钩子极具冲击力，但文案略显冗长。,简洁有力，但钩子稍显平淡。,简洁且极具吸引力，完美符合标准。,"{'score_suitability_brevity': 3, 'score_click_appeal': 5, 'score_cta_effectiveness': 5, 'score_factual_accuracy': 5, 'score_instruction_following': 5, 'critique': '钩子极具冲击力，但文案略显冗长。'}","{'score_suitability_brevity': 5, 'score_click_appeal': 4, 'score_cta_effectiveness': 4, 'score_factual_accuracy': 5, 'score_instruction_following': 5, 'critique': '简洁有力，但钩子稍显平淡。'}","{'score_suitability_brevity': 5, 'score_click_appeal': 5, 'score_cta_effectiveness': 5, 'score_factual_accuracy': 5, 'score_instruction_following': 5, 'critique': '简洁且极具吸引力，完美符合标准。'}"
68,paid_ad_pas,C,4.6,4.6,5.0,文案极具吸引力，但略显冗长,简洁有力，但吸引力稍逊,简洁且吸引力强，完美遵循指令,"{'score_suitability_brevity': 3, 'score_click_appeal': 5, 'score_cta_effectiveness': 5, 'score_factual_accuracy': 5, 'score_instruction_following': 5, 'critique': '文案极具吸引力，但略显冗长'}","{'score_suitability_brevity': 5, 'score_click_appeal': 4, 'score_cta_effectiveness': 4, 'score_factual_accuracy': 5, 'score_instruction_following': 5, 'critique': '简洁有力，但吸引力稍逊'}","{'score_suitability_brevity': 5, 'score_click_appeal': 5, 'score_cta_effectiveness': 5, 'score_factual_accuracy': 5, 'score_instruction_following': 5, 'critique': '简洁且吸引力强，完美遵循指令'}"
69,paid_ad_bab,B,3.4,5.0,4.2,灾难性的冗长，完全不适合作为付费广告,简洁有力，完美符合付费广告的要求,略有啰嗦，但核心信息尚算清晰,"{'score_suitability_brevity': 1, 'score_click_appeal': 3, 'score_cta_effectiveness': 3, 'score_factual_accuracy': 5, 'score_instruction_following': 5, 'critique': '灾难性的冗长，完全不适合作为付费广告'}","{'score_suitability_brevity': 5, 'score_click_appeal': 5, 'score_cta_effectiveness': 5, 'score_factual_accuracy': 5, 'score_instruction_following': 5, 'critique': '简洁有力，完美符合付费广告的要求'}","{'score_suitability_brevity': 3, 'score_click_appeal': 4, 'score_cta_effectiveness': 4, 'score_factual_accuracy': 5, 'score_instruction_following': 5, 'critique': '略有啰嗦，但核心信息尚算清晰'}"
70,paid_ad_fab,C,4.0,4.6,4.8,文案内容丰富，但略显冗长，不适合快速滑动场景。,简洁有力，科学数据增强可信度，适合快速吸引注意力。,极其简洁，信息高度压缩，完美适配信息流阅读场景。,"{'score_suitability_brevity': 3, 'score_click_appeal': 4, 'score_cta_effectiveness': 3, 'score_factual_accuracy': 5, 'score_instruction_following': 5, 'critique': '文案内容丰富，但略显冗长，不适合快速滑动场景。'}","{'score_suitability_brevity': 4, 'score_click_appeal': 5, 'score_cta_effectiveness': 4, 'score_factual_accuracy': 5, 'score_instruction_following': 5, 'critique': '简洁有力，科学数据增强可信度，适合快速吸引注意力。'}","{'score_suitability_brevity': 5, 'score_click_appeal': 4, 'score_cta_effectiveness': 5, 'score_factual_accuracy': 5, 'score_instruction_following': 5, 'critique': '极其简洁，信息高度压缩，完美适配信息流阅读场景。'}"
71,social_media_review,A,5.0,4.0,3.0,情感真挚，品牌契合度高,故事性强，品牌契合度稍弱,内容中规中矩，缺乏亮点,"{'score_authenticity_immersion': 5, 'score_value_engagement': 5, 'score_brand_fit': 5, 'score_instruction_following': 5, 'critique': '情感真挚，品牌契合度高'}","{'score_authenticity_immersion': 4, 'score_value_engagement': 4, 'score_brand_fit': 4, 'score_instruction_following': 4, 'critique': '故事性强，品牌契合度稍弱'}","{'score_authenticity_immersion': 3, 'score_value_engagement': 3, 'score_brand_fit': 3, 'score_instruction_following': 3, 'critique': '内容中规中矩，缺乏亮点'}"
72,social_media_educational,C,3.5,3.25,4.75,情感丰富但专业感稍弱,专业性强但故事性不足,专业与情感完美结合,"{'score_authenticity_immersion': 3, 'score_value_engagement': 4, 'score_brand_fit': 3, 'score_instruction_following': 4, 'critique': '情感丰富但专业感稍弱'}","{'score_authenticity_immersion': 2, 'score_value_engagement': 3, 'score_brand_fit': 4, 'score_instruction_following': 4, 'critique': '专业性强但故事性不足'}","{'score_authenticity_immersion': 4, 'score_value_engagement': 5, 'score_brand_fit': 5, 'score_instruction_following': 5, 'critique': '专业与情感完美结合'}"
73,social_media_myth_busting,C,4.5,4.0,5.0,情感真挚，互动性强,专业性强，但故事性弱,完美融合故事与专业,"{'score_authenticity_immersion': 4, 'score_value_engagement': 5, 'score_brand_fit': 4, 'score_instruction_following': 5, 'critique': '情感真挚，互动性强'}","{'score_authenticity_immersion': 3, 'score_value_engagement': 4, 'score_brand_fit': 5, 'score_instruction_following': 4, 'critique': '专业性强，但故事性弱'}","{'score_authenticity_immersion': 5, 'score_value_engagement': 5, 'score_brand_fit': 5, 'score_instruction_following': 5, 'critique': '完美融合故事与专业'}"
74,social_media_storytelling,A,5.0,4.25,4.0,情感真挚，品牌契合度高,故事完整，品牌契合度良好,专业性强，故事性稍弱,"{'score_authenticity_immersion': 5, 'score_value_engagement': 5, 'score_brand_fit': 5, 'score_instruction_following': 5, 'critique': '情感真挚，品牌契合度高'}","{'score_authenticity_immersion': 4, 'score_value_engagement': 4, 'score_brand_fit': 4, 'score_instruction_following': 5, 'critique': '故事完整，品牌契合度良好'}","{'score_authenticity_immersion': 3, 'score_value_engagement': 4, 'score_brand_fit': 4, 'score_instruction_following': 5, 'critique': '专业性强，故事性稍弱'}"
75,ecommerce_long_form,B,4.333333333333333,4.666666666666667,3.0,专业且情感共鸣强,科学严谨，数据支撑,信息完整但缺乏亮点,"{'score_professionalism_persuasion': 4, 'score_clarity_value': 5, 'score_trust_building': 4, 'critique': '专业且情感共鸣强'}","{'score_professionalism_persuasion': 5, 'score_clarity_value': 4, 'score_trust_building': 5, 'critique': '科学严谨，数据支撑'}","{'score_professionalism_persuasion': 3, 'score_clarity_value': 3, 'score_trust_building': 3, 'critique': '信息完整但缺乏亮点'}"
76,paid_ad_cta,B,4.4,4.8,4.2,行动号召明确且有吸引力，但文案略显冗长。,简洁有力，钩子极具冲击力，但CTA稍弱。,符合品牌调性，但钩子吸引力一般。,"{'score_suitability_brevity': 3, 'score_click_appeal': 4, 'score_cta_effectiveness': 5, 'score_factual_accuracy': 5, 'score_instruction_following': 5, 'critique': '行动号召明确且有吸引力，但文案略显冗长。'}","{'score_suitability_brevity': 5, 'score_click_appeal': 5, 'score_cta_effectiveness': 4, 'score_factual_accuracy': 5, 'score_instruction_following': 5, 'critique': '简洁有力，钩子极具冲击力，但CTA稍弱。'}","{'score_suitability_brevity': 4, 'score_click_appeal': 3, 'score_cta_effectiveness': 4, 'score_factual_accuracy': 5, 'score_instruction_following': 5, 'critique': '符合品牌调性，但钩子吸引力一般。'}"
77,paid_ad_pas,B,4.2,4.8,4.2,文案内容丰富，但略显冗长，部分细节可以更精简。,文案简洁有力，开头极具吸引力，完美符合信息流广告的要求。,文案简洁，但CTA部分略显薄弱，缺乏更强的行动号召力。,"{'score_suitability_brevity': 3, 'score_click_appeal': 4, 'score_cta_effectiveness': 4, 'score_factual_accuracy': 5, 'score_instruction_following': 5, 'critique': '文案内容丰富，但略显冗长，部分细节可以更精简。'}","{'score_suitability_brevity': 5, 'score_click_appeal': 5, 'score_cta_effectiveness': 4, 'score_factual_accuracy': 5, 'score_instruction_following': 5, 'critique': '文案简洁有力，开头极具吸引力，完美符合信息流广告的要求。'}","{'score_suitability_brevity': 4, 'score_click_appeal': 4, 'score_cta_effectiveness': 3, 'score_factual_accuracy': 5, 'score_instruction_following': 5, 'critique': '文案简洁，但CTA部分略显薄弱，缺乏更强的行动号召力。'}"
78,paid_ad_bab,B,4.2,5.0,4.4,文案情感丰富，但略显冗长，不够简洁。,文案简洁有力，直击痛点，CTA明确。,文案描述细腻，但CTA稍弱，不够突出。,"{'score_suitability_brevity': 3, 'score_click_appeal': 4, 'score_cta_effectiveness': 4, 'score_factual_accuracy': 5, 'score_instruction_following': 5, 'critique': '文案情感丰富，但略显冗长，不够简洁。'}","{'score_suitability_brevity': 5, 'score_click_appeal': 5, 'score_cta_effectiveness': 5, 'score_factual_accuracy': 5, 'score_instruction_following': 5, 'critique': '文案简洁有力，直击痛点，CTA明确。'}","{'score_suitability_brevity': 4, 'score_click_appeal': 4, 'score_cta_effectiveness': 4, 'score_factual_accuracy': 5, 'score_instruction_following': 5, 'critique': '文案描述细腻，但CTA稍弱，不够突出。'}"
79,paid_ad_fab,B,4.0,4.8,4.2,文案内容丰富，但略显冗长，不适合快速滑动场景。,简洁有力，科学验证数据增加了可信度和点击吸引力。,文案简洁，但CTA较弱，缺乏明确的行动号召。,"{'score_suitability_brevity': 3, 'score_click_appeal': 4, 'score_cta_effectiveness': 3, 'score_factual_accuracy': 5, 'score_instruction_following': 5, 'critique': '文案内容丰富，但略显冗长，不适合快速滑动场景。'}","{'score_suitability_brevity': 5, 'score_click_appeal': 5, 'score_cta_effectiveness': 4, 'score_factual_accuracy': 5, 'score_instruction_following': 5, 'critique': '简洁有力，科学验证数据增加了可信度和点击吸引力。'}","{'score_suitability_brevity': 4, 'score_click_appeal': 4, 'score_cta_effectiveness': 3, 'score_factual_accuracy': 5, 'score_instruction_following': 5, 'critique': '文案简洁，但CTA较弱，缺乏明确的行动号召。'}"
80,social_media_review,B,4.0,4.75,3.75,情感真挚但专业感稍弱,故事与专业完美平衡,专业性强但故事性弱,"{'score_authenticity_immersion': 4, 'score_value_engagement': 4, 'score_brand_fit': 3, 'score_instruction_following': 5, 'critique': '情感真挚但专业感稍弱'}","{'score_authenticity_immersion': 5, 'score_value_engagement': 5, 'score_brand_fit': 4, 'score_instruction_following': 5, 'critique': '故事与专业完美平衡'}","{'score_authenticity_immersion': 3, 'score_value_engagement': 3, 'score_brand_fit': 5, 'score_instruction_following': 4, 'critique': '专业性强但故事性弱'}"
81,social_media_educational,B,3.75,5.0,4.25,信息丰富但广告感强,专业科普，完美契合品牌,简明科普，品牌契合,"{'score_authenticity_immersion': 3, 'score_value_engagement': 4, 'score_brand_fit': 3, 'score_instruction_following': 5, 'critique': '信息丰富但广告感强'}","{'score_authenticity_immersion': 5, 'score_value_engagement': 5, 'score_brand_fit': 5, 'score_instruction_following': 5, 'critique': '专业科普，完美契合品牌'}","{'score_authenticity_immersion': 4, 'score_value_engagement': 4, 'score_brand_fit': 4, 'score_instruction_following': 5, 'critique': '简明科普，品牌契合'}"
82,social_media_myth_busting,A,4.75,4.25,3.75,故事真实，互动性强,专业性强，但故事性弱,简洁明了，但互动不足,"{'score_authenticity_immersion': 5, 'score_value_engagement': 5, 'score_brand_fit': 4, 'score_instruction_following': 5, 'critique': '故事真实，互动性强'}","{'score_authenticity_immersion': 3, 'score_value_engagement': 4, 'score_brand_fit': 5, 'score_instruction_following': 5, 'critique': '专业性强，但故事性弱'}","{'score_authenticity_immersion': 4, 'score_value_engagement': 3, 'score_brand_fit': 4, 'score_instruction_following': 4, 'critique': '简洁明了，但互动不足'}"
83,social_media_storytelling,C,4.0,3.5,5.0,情感真挚但专业感稍弱,专业性强但故事性不足,完美融合故事与专业,"{'score_authenticity_immersion': 4, 'score_value_engagement': 4, 'score_brand_fit': 3, 'score_instruction_following': 5, 'critique': '情感真挚但专业感稍弱'}","{'score_authenticity_immersion': 3, 'score_value_engagement': 3, 'score_brand_fit': 4, 'score_instruction_following': 4, 'critique': '专业性强但故事性不足'}","{'score_authenticity_immersion': 5, 'score_value_engagement': 5, 'score_brand_fit': 5, 'score_instruction_following': 5, 'critique': '完美融合故事与专业'}"
84,ecommerce_long_form,B,4.333333333333333,4.666666666666667,4.0,专业且信息清晰，但信任感稍逊,科学背书强，信任感最佳,结构清晰，但说服力一般,"{'score_professionalism_persuasion': 4, 'score_clarity_value': 5, 'score_trust_building': 4, 'critique': '专业且信息清晰，但信任感稍逊'}","{'score_professionalism_persuasion': 5, 'score_clarity_value': 4, 'score_trust_building': 5, 'critique': '科学背书强，信任感最佳'}","{'score_professionalism_persuasion': 4, 'score_clarity_value': 4, 'score_trust_building': 4, 'critique': '结构清晰，但说服力一般'}"
85,paid_ad_cta,B,4.4,4.8,4.0,CTA明确且有吸引力，但文案略显冗长,简洁有力，钩子极具吸引力,科学背书增强可信度，但CTA吸引力不足,"{'score_suitability_brevity': 3, 'score_click_appeal': 4, 'score_cta_effectiveness': 5, 'score_factual_accuracy': 5, 'score_instruction_following': 5, 'critique': 'CTA明确且有吸引力，但文案略显冗长'}","{'score_suitability_brevity': 5, 'score_click_appeal': 5, 'score_cta_effectiveness': 4, 'score_factual_accuracy': 5, 'score_instruction_following': 5, 'critique': '简洁有力，钩子极具吸引力'}","{'score_suitability_brevity': 4, 'score_click_appeal': 3, 'score_cta_effectiveness': 3, 'score_factual_accuracy': 5, 'score_instruction_following': 5, 'critique': '科学背书增强可信度，但CTA吸引力不足'}"
86,paid_ad_pas,C,4.0,4.4,5.0,文案冗长，不符合信息流广告的简洁要求,点击吸引力强，但CTA较弱,简洁有力，点击吸引力和CTA效果俱佳,"{'score_suitability_brevity': 2, 'score_click_appeal': 4, 'score_cta_effectiveness': 4, 'score_factual_accuracy': 5, 'score_instruction_following': 5, 'critique': '文案冗长，不符合信息流广告的简洁要求'}","{'score_suitability_brevity': 4, 'score_click_appeal': 5, 'score_cta_effectiveness': 3, 'score_factual_accuracy': 5, 'score_instruction_following': 5, 'critique': '点击吸引力强，但CTA较弱'}","{'score_suitability_brevity': 5, 'score_click_appeal': 5, 'score_cta_effectiveness': 5, 'score_factual_accuracy': 5, 'score_instruction_following': 5, 'critique': '简洁有力，点击吸引力和CTA效果俱佳'}"
87,paid_ad_bab,C,3.4,4.6,5.0,灾难性的冗长，完全不适合作为付费广告,简洁有力，符合快节奏信息流广告需求,极具冲击力，能迅速激发好奇心或击中痛点,"{'score_suitability_brevity': 1, 'score_click_appeal': 3, 'score_cta_effectiveness': 3, 'score_factual_accuracy': 5, 'score_instruction_following': 5, 'critique': '灾难性的冗长，完全不适合作为付费广告'}","{'score_suitability_brevity': 5, 'score_click_appeal': 4, 'score_cta_effectiveness': 4, 'score_factual_accuracy': 5, 'score_instruction_following': 5, 'critique': '简洁有力，符合快节奏信息流广告需求'}","{'score_suitability_brevity': 5, 'score_click_appeal': 5, 'score_cta_effectiveness': 5, 'score_factual_accuracy': 5, 'score_instruction_following': 5, 'critique': '极具冲击力，能迅速激发好奇心或击中痛点'}"
88,paid_ad_fab,B,4.4,4.8,4.0,CTA明确且有说服力，但文案略显冗长,简洁且信息高度压缩，完美适配信息流阅读场景,简洁但CTA较弱，缺乏亮点,"{'score_suitability_brevity': 3, 'score_click_appeal': 4, 'score_cta_effectiveness': 5, 'score_factual_accuracy': 5, 'score_instruction_following': 5, 'critique': 'CTA明确且有说服力，但文案略显冗长'}","{'score_suitability_brevity': 5, 'score_click_appeal': 5, 'score_cta_effectiveness': 4, 'score_factual_accuracy': 5, 'score_instruction_following': 5, 'critique': '简洁且信息高度压缩，完美适配信息流阅读场景'}","{'score_suitability_brevity': 4, 'score_click_appeal': 3, 'score_cta_effectiveness': 3, 'score_factual_accuracy': 5, 'score_instruction_following': 5, 'critique': '简洁但CTA较弱，缺乏亮点'}"
89,social_media_review,A,4.75,4.25,4.25,情感真挚，故事性强,专业感强，细节丰富,真实使用记录，温和有效,"{'score_authenticity_immersion': 5, 'score_value_engagement': 5, 'score_brand_fit': 4, 'score_instruction_following': 5, 'critique': '情感真挚，故事性强'}","{'score_authenticity_immersion': 4, 'score_value_engagement': 4, 'score_brand_fit': 5, 'score_instruction_following': 4, 'critique': '专业感强，细节丰富'}","{'score_authenticity_immersion': 4, 'score_value_engagement': 4, 'score_brand_fit': 4, 'score_instruction_following': 5, 'critique': '真实使用记录，温和有效'}"
90,social_media_educational,C,4.0,3.5,5.0,故事性强但专业感稍弱,专业但缺乏故事性,专业与故事完美结合,"{'score_authenticity_immersion': 4, 'score_value_engagement': 4, 'score_brand_fit': 3, 'score_instruction_following': 5, 'critique': '故事性强但专业感稍弱'}","{'score_authenticity_immersion': 3, 'score_value_engagement': 3, 'score_brand_fit': 4, 'score_instruction_following': 4, 'critique': '专业但缺乏故事性'}","{'score_authenticity_immersion': 5, 'score_value_engagement': 5, 'score_brand_fit': 5, 'score_instruction_following': 5, 'critique': '专业与故事完美结合'}"
91,social_media_myth_busting,A,5.0,4.0,3.0,故事引人入胜，专业与真实完美结合,内容有价值，但故事性稍弱,专业但缺乏情感共鸣,"{'score_authenticity_immersion': 5, 'score_value_engagement': 5, 'score_brand_fit': 5, 'score_instruction_following': 5, 'critique': '故事引人入胜，专业与真实完美结合'}","{'score_authenticity_immersion': 4, 'score_value_engagement': 4, 'score_brand_fit': 4, 'score_instruction_following': 4, 'critique': '内容有价值，但故事性稍弱'}","{'score_authenticity_immersion': 3, 'score_value_engagement': 3, 'score_brand_fit': 3, 'score_instruction_following': 3, 'critique': '专业但缺乏情感共鸣'}"
92,social_media_storytelling,B,4.25,5.0,3.5,情感真挚，但稍显广告感,故事动人，品牌契合度高,信息完整，但故事性较弱,"{'score_authenticity_immersion': 4, 'score_value_engagement': 4, 'score_brand_fit': 4, 'score_instruction_following': 5, 'critique': '情感真挚，但稍显广告感'}","{'score_authenticity_immersion': 5, 'score_value_engagement': 5, 'score_brand_fit': 5, 'score_instruction_following': 5, 'critique': '故事动人，品牌契合度高'}","{'score_authenticity_immersion': 3, 'score_value_engagement': 3, 'score_brand_fit': 4, 'score_instruction_following': 4, 'critique': '信息完整，但故事性较弱'}"
93,ecommerce_long_form,B,4.333333333333333,4.666666666666667,3.0,专业且信息清晰，信任感强,极专业，信任感最佳,专业但信息不够完整,"{'score_professionalism_persuasion': 4, 'score_clarity_value': 5, 'score_trust_building': 4, 'critique': '专业且信息清晰，信任感强'}","{'score_professionalism_persuasion': 5, 'score_clarity_value': 4, 'score_trust_building': 5, 'critique': '极专业，信任感最佳'}","{'score_professionalism_persuasion': 3, 'score_clarity_value': 3, 'score_trust_building': 3, 'critique': '专业但信息不够完整'}"
94,paid_ad_cta,B,4.4,4.8,4.0,CTA明确且有吸引力，但文案略显冗长,简洁有力，开头极具吸引力,信息完整但开头吸引力不足,"{'score_suitability_brevity': 3, 'score_click_appeal': 4, 'score_cta_effectiveness': 5, 'score_factual_accuracy': 5, 'score_instruction_following': 5, 'critique': 'CTA明确且有吸引力，但文案略显冗长'}","{'score_suitability_brevity': 5, 'score_click_appeal': 5, 'score_cta_effectiveness': 4, 'score_factual_accuracy': 5, 'score_instruction_following': 5, 'critique': '简洁有力，开头极具吸引力'}","{'score_suitability_brevity': 4, 'score_click_appeal': 3, 'score_cta_effectiveness': 3, 'score_factual_accuracy': 5, 'score_instruction_following': 5, 'critique': '信息完整但开头吸引力不足'}"
95,paid_ad_pas,C,4.4,4.4,5.0,文案内容丰富，但略显冗长，不符合信息流广告的简洁要求。,文案简洁有力，但CTA部分较弱，缺乏明确的行动号召。,文案简洁且极具吸引力，CTA明确，完美符合信息流广告的要求。,"{'score_suitability_brevity': 3, 'score_click_appeal': 4, 'score_cta_effectiveness': 5, 'score_factual_accuracy': 5, 'score_instruction_following': 5, 'critique': '文案内容丰富，但略显冗长，不符合信息流广告的简洁要求。'}","{'score_suitability_brevity': 5, 'score_click_appeal': 4, 'score_cta_effectiveness': 3, 'score_factual_accuracy': 5, 'score_instruction_following': 5, 'critique': '文案简洁有力，但CTA部分较弱，缺乏明确的行动号召。'}","{'score_suitability_brevity': 5, 'score_click_appeal': 5, 'score_cta_effectiveness': 5, 'score_factual_accuracy': 5, 'score_instruction_following': 5, 'critique': '文案简洁且极具吸引力，CTA明确，完美符合信息流广告的要求。'}"
96,paid_ad_bab,B,3.4,5.0,4.4,灾难性的冗长，完全不适合作为付费广告,简洁有力，痛点明确，结果可信,痛点精准化，结果可视化,"{'score_suitability_brevity': 1, 'score_click_appeal': 3, 'score_cta_effectiveness': 3, 'score_factual_accuracy': 5, 'score_instruction_following': 5, 'critique': '灾难性的冗长，完全不适合作为付费广告'}","{'score_suitability_brevity': 5, 'score_click_appeal': 5, 'score_cta_effectiveness': 5, 'score_factual_accuracy': 5, 'score_instruction_following': 5, 'critique': '简洁有力，痛点明确，结果可信'}","{'score_suitability_brevity': 4, 'score_click_appeal': 4, 'score_cta_effectiveness': 4, 'score_factual_accuracy': 5, 'score_instruction_following': 5, 'critique': '痛点精准化，结果可视化'}"
97,paid_ad_fab,B,4.2,4.8,4.0,文案内容丰富但略显冗长，适合深度阅读但不符合信息流广告的快速浏览特性。,简洁有力，快速抓住注意力，完美符合信息流广告的短平快要求。,信息准确但吸引力不足，缺乏足够的点击冲动。,"{'score_suitability_brevity': 3, 'score_click_appeal': 4, 'score_cta_effectiveness': 4, 'score_factual_accuracy': 5, 'score_instruction_following': 5, 'critique': '文案内容丰富但略显冗长，适合深度阅读但不符合信息流广告的快速浏览特性。'}","{'score_suitability_brevity': 5, 'score_click_appeal': 5, 'score_cta_effectiveness': 4, 'score_factual_accuracy': 5, 'score_instruction_following': 5, 'critique': '简洁有力，快速抓住注意力，完美符合信息流广告的短平快要求。'}","{'score_suitability_brevity': 4, 'score_click_appeal': 3, 'score_cta_effectiveness': 3, 'score_factual_accuracy': 5, 'score_instruction_following': 5, 'critique': '信息准确但吸引力不足，缺乏足够的点击冲动。'}"
98,social_media_review,B,4.5,5.0,3.75,真实感强，互动潜力高,完美融合品牌与故事,内容中规中矩,"{'score_authenticity_immersion': 4, 'score_value_engagement': 5, 'score_brand_fit': 4, 'score_instruction_following': 5, 'critique': '真实感强，互动潜力高'}","{'score_authenticity_immersion': 5, 'score_value_engagement': 5, 'score_brand_fit': 5, 'score_instruction_following': 5, 'critique': '完美融合品牌与故事'}","{'score_authenticity_immersion': 3, 'score_value_engagement': 4, 'score_brand_fit': 4, 'score_instruction_following': 4, 'critique': '内容中规中矩'}"
99,social_media_educational,A,4.75,4.0,4.75,情感真挚，互动性强,专业性强，但故事性弱,科普深入，品牌契合度高,"{'score_authenticity_immersion': 5, 'score_value_engagement': 5, 'score_brand_fit': 4, 'score_instruction_following': 5, 'critique': '情感真挚，互动性强'}","{'score_authenticity_immersion': 3, 'score_value_engagement': 4, 'score_brand_fit': 5, 'score_instruction_following': 4, 'critique': '专业性强，但故事性弱'}","{'score_authenticity_immersion': 4, 'score_value_engagement': 5, 'score_brand_fit': 5, 'score_instruction_following': 5, 'critique': '科普深入，品牌契合度高'}"
100,social_media_myth_busting,C,4.5,3.25,5.0,生动有趣，互动性强,简洁直接，但缺乏深度,专业科学，深度解析,"{'score_authenticity_immersion': 4, 'score_value_engagement': 5, 'score_brand_fit': 4, 'score_instruction_following': 5, 'critique': '生动有趣，互动性强'}","{'score_authenticity_immersion': 3, 'score_value_engagement': 3, 'score_brand_fit': 3, 'score_instruction_following': 4, 'critique': '简洁直接，但缺乏深度'}","{'score_authenticity_immersion': 5, 'score_value_engagement': 5, 'score_brand_fit': 5, 'score_instruction_following': 5, 'critique': '专业科学，深度解析'}"
101,social_media_storytelling,B,4.0,5.0,4.25,情感真挚但专业感稍弱,故事与专业完美融合,科学性强但故事性稍弱,"{'score_authenticity_immersion': 4, 'score_value_engagement': 4, 'score_brand_fit': 3, 'score_instruction_following': 5, 'critique': '情感真挚但专业感稍弱'}","{'score_authenticity_immersion': 5, 'score_value_engagement': 5, 'score_brand_fit': 5, 'score_instruction_following': 5, 'critique': '故事与专业完美融合'}","{'score_authenticity_immersion': 4, 'score_value_engagement': 4, 'score_brand_fit': 4, 'score_instruction_following': 5, 'critique': '科学性强但故事性稍弱'}"
102,ecommerce_long_form,A,5.0,4.0,3.0,专业性强，信息清晰，信任感高,科学解析深入，但结构稍乱,简洁明了，但缺乏深度,"{'score_professionalism_persuasion': 5, 'score_clarity_value': 5, 'score_trust_building': 5, 'critique': '专业性强，信息清晰，信任感高'}","{'score_professionalism_persuasion': 4, 'score_clarity_value': 4, 'score_trust_building': 4, 'critique': '科学解析深入，但结构稍乱'}","{'score_professionalism_persuasion': 3, 'score_clarity_value': 3, 'score_trust_building': 3, 'critique': '简洁明了，但缺乏深度'}"
103,paid_ad_cta,B,4.4,5.0,4.2,文案内容丰富，但略显冗长，适合深度阅读但不符合信息流广告的快速浏览特性。,简洁有力，钩子直接击中痛点，CTA明确且具有紧迫感，完美适配信息流广告。,文案简洁但CTA较弱，缺乏紧迫感和具体优惠，吸引力稍逊。,"{'score_suitability_brevity': 3, 'score_click_appeal': 4, 'score_cta_effectiveness': 5, 'score_factual_accuracy': 5, 'score_instruction_following': 5, 'critique': '文案内容丰富，但略显冗长，适合深度阅读但不符合信息流广告的快速浏览特性。'}","{'score_suitability_brevity': 5, 'score_click_appeal': 5, 'score_cta_effectiveness': 5, 'score_factual_accuracy': 5, 'score_instruction_following': 5, 'critique': '简洁有力，钩子直接击中痛点，CTA明确且具有紧迫感，完美适配信息流广告。'}","{'score_suitability_brevity': 4, 'score_click_appeal': 4, 'score_cta_effectiveness': 3, 'score_factual_accuracy': 5, 'score_instruction_following': 5, 'critique': '文案简洁但CTA较弱，缺乏紧迫感和具体优惠，吸引力稍逊。'}"
104,paid_ad_pas,C,4.2,4.6,4.8,文案内容丰富，但过于冗长，不符合信息流广告的简洁要求。,简洁有力，开头极具吸引力，但CTA略显模板化。,痛点-放大-解决结构清晰，CTA明确且有说服力，但稍显冗长。,"{'score_suitability_brevity': 3, 'score_click_appeal': 4, 'score_cta_effectiveness': 4, 'score_factual_accuracy': 5, 'score_instruction_following': 5, 'critique': '文案内容丰富，但过于冗长，不符合信息流广告的简洁要求。'}","{'score_suitability_brevity': 5, 'score_click_appeal': 5, 'score_cta_effectiveness': 3, 'score_factual_accuracy': 5, 'score_instruction_following': 5, 'critique': '简洁有力，开头极具吸引力，但CTA略显模板化。'}","{'score_suitability_brevity': 4, 'score_click_appeal': 5, 'score_cta_effectiveness': 5, 'score_factual_accuracy': 5, 'score_instruction_following': 5, 'critique': '痛点-放大-解决结构清晰，CTA明确且有说服力，但稍显冗长。'}"
105,paid_ad_bab,C,3.4,4.6,4.8,灾难性的冗长，完全不适合作为付费广告,简洁有力，符合信息流广告的阅读场景,极具冲击力，能迅速激发好奇心或击中痛点,"{'score_suitability_brevity': 1, 'score_click_appeal': 3, 'score_cta_effectiveness': 3, 'score_factual_accuracy': 5, 'score_instruction_following': 5, 'critique': '灾难性的冗长，完全不适合作为付费广告'}","{'score_suitability_brevity': 5, 'score_click_appeal': 4, 'score_cta_effectiveness': 4, 'score_factual_accuracy': 5, 'score_instruction_following': 5, 'critique': '简洁有力，符合信息流广告的阅读场景'}","{'score_suitability_brevity': 4, 'score_click_appeal': 5, 'score_cta_effectiveness': 5, 'score_factual_accuracy': 5, 'score_instruction_following': 5, 'critique': '极具冲击力，能迅速激发好奇心或击中痛点'}"
106,paid_ad_fab,C,4.4,4.2,4.8,文案内容丰富，但略显冗长，部分信息可更精简。,文案简洁明了，但缺乏强有力的行动号召。,文案吸引力强，行动号召明确，是最佳选择。,"{'score_suitability_brevity': 3, 'score_click_appeal': 4, 'score_cta_effectiveness': 5, 'score_factual_accuracy': 5, 'score_instruction_following': 5, 'critique': '文案内容丰富，但略显冗长，部分信息可更精简。'}","{'score_suitability_brevity': 5, 'score_click_appeal': 3, 'score_cta_effectiveness': 3, 'score_factual_accuracy': 5, 'score_instruction_following': 5, 'critique': '文案简洁明了，但缺乏强有力的行动号召。'}","{'score_suitability_brevity': 4, 'score_click_appeal': 5, 'score_cta_effectiveness': 5, 'score_factual_accuracy': 5, 'score_instruction_following': 5, 'critique': '文案吸引力强，行动号召明确，是最佳选择。'}"
107,social_media_review,A,5.0,4.25,3.5,情感真挚，专业与故事完美融合,真实反馈，科学分析,信息全面，但故事性较弱,"{'score_authenticity_immersion': 5, 'score_value_engagement': 5, 'score_brand_fit': 5, 'score_instruction_following': 5, 'critique': '情感真挚，专业与故事完美融合'}","{'score_authenticity_immersion': 4, 'score_value_engagement': 4, 'score_brand_fit': 4, 'score_instruction_following': 5, 'critique': '真实反馈，科学分析'}","{'score_authenticity_immersion': 3, 'score_value_engagement': 3, 'score_brand_fit': 4, 'score_instruction_following': 4, 'critique': '信息全面，但故事性较弱'}"
108,social_media_educational,C,3.75,4.5,5.0,信息丰富但广告感较重,科学性强，品牌契合度高,专业且引人入胜的科普,"{'score_authenticity_immersion': 3, 'score_value_engagement': 4, 'score_brand_fit': 3, 'score_instruction_following': 5, 'critique': '信息丰富但广告感较重'}","{'score_authenticity_immersion': 4, 'score_value_engagement': 5, 'score_brand_fit': 5, 'score_instruction_following': 4, 'critique': '科学性强，品牌契合度高'}","{'score_authenticity_immersion': 5, 'score_value_engagement': 5, 'score_brand_fit': 5, 'score_instruction_following': 5, 'critique': '专业且引人入胜的科普'}"
109,social_media_myth_busting,C,4.5,3.5,5.0,情感真挚，互动性强,信息准确但缺乏情感,专业与情感完美结合,"{'score_authenticity_immersion': 4, 'score_value_engagement': 5, 'score_brand_fit': 4, 'score_instruction_following': 5, 'critique': '情感真挚，互动性强'}","{'score_authenticity_immersion': 3, 'score_value_engagement': 3, 'score_brand_fit': 4, 'score_instruction_following': 4, 'critique': '信息准确但缺乏情感'}","{'score_authenticity_immersion': 5, 'score_value_engagement': 5, 'score_brand_fit': 5, 'score_instruction_following': 5, 'critique': '专业与情感完美结合'}"
110,social_media_storytelling,A,4.5,4.5,4.0,情感真挚，信息丰富,故事动人，品牌契合,科学性强，故事稍弱,"{'score_authenticity_immersion': 4, 'score_value_engagement': 5, 'score_brand_fit': 4, 'score_instruction_following': 5, 'critique': '情感真挚，信息丰富'}","{'score_authenticity_immersion': 5, 'score_value_engagement': 4, 'score_brand_fit': 5, 'score_instruction_following': 4, 'critique': '故事动人，品牌契合'}","{'score_authenticity_immersion': 3, 'score_value_engagement': 4, 'score_brand_fit': 4, 'score_instruction_following': 5, 'critique': '科学性强，故事稍弱'}"
111,ecommerce_long_form,A,5.0,4.0,3.0,专业性强，信息清晰，信任感十足,科学性强，结构清晰，信任感良好,信息完整，但说服力一般,"{'score_professionalism_persuasion': 5, 'score_clarity_value': 5, 'score_trust_building': 5, 'critique': '专业性强，信息清晰，信任感十足'}","{'score_professionalism_persuasion': 4, 'score_clarity_value': 4, 'score_trust_building': 4, 'critique': '科学性强，结构清晰，信任感良好'}","{'score_professionalism_persuasion': 3, 'score_clarity_value': 3, 'score_trust_building': 3, 'critique': '信息完整，但说服力一般'}"
112,paid_ad_cta,B,4.4,4.8,4.0,CTA非常有力，但文案略显冗长。,简洁且极具吸引力，但CTA稍弱。,信息全面但缺乏冲击力。,"{'score_suitability_brevity': 3, 'score_click_appeal': 4, 'score_cta_effectiveness': 5, 'score_factual_accuracy': 5, 'score_instruction_following': 5, 'critique': 'CTA非常有力，但文案略显冗长。'}","{'score_suitability_brevity': 5, 'score_click_appeal': 5, 'score_cta_effectiveness': 4, 'score_factual_accuracy': 5, 'score_instruction_following': 5, 'critique': '简洁且极具吸引力，但CTA稍弱。'}","{'score_suitability_brevity': 4, 'score_click_appeal': 3, 'score_cta_effectiveness': 3, 'score_factual_accuracy': 5, 'score_instruction_following': 5, 'critique': '信息全面但缺乏冲击力。'}"
113,paid_ad_pas,B,4.2,5.0,4.4,文案内容丰富，但过于冗长，不适合快速浏览的信息流广告。,简洁有力，迅速抓住注意力，CTA明确且吸引人。,简洁且符合痛点-放大-解决风格，但吸引力稍逊于模型B。,"{'score_suitability_brevity': 3, 'score_click_appeal': 4, 'score_cta_effectiveness': 4, 'score_factual_accuracy': 5, 'score_instruction_following': 5, 'critique': '文案内容丰富，但过于冗长，不适合快速浏览的信息流广告。'}","{'score_suitability_brevity': 5, 'score_click_appeal': 5, 'score_cta_effectiveness': 5, 'score_factual_accuracy': 5, 'score_instruction_following': 5, 'critique': '简洁有力，迅速抓住注意力，CTA明确且吸引人。'}","{'score_suitability_brevity': 4, 'score_click_appeal': 4, 'score_cta_effectiveness': 4, 'score_factual_accuracy': 5, 'score_instruction_following': 5, 'critique': '简洁且符合痛点-放大-解决风格，但吸引力稍逊于模型B。'}"
114,paid_ad_bab,C,4.2,3.8,5.0,文案情感丰富，但略显冗长，不符合信息流广告的短平快要求。,结构清晰，但开头吸引力不足，可能无法在2秒内抓住注意力。,简洁有力，结构清晰，完美符合信息流广告的要求。,"{'score_suitability_brevity': 3, 'score_click_appeal': 4, 'score_cta_effectiveness': 4, 'score_factual_accuracy': 5, 'score_instruction_following': 5, 'critique': '文案情感丰富，但略显冗长，不符合信息流广告的短平快要求。'}","{'score_suitability_brevity': 4, 'score_click_appeal': 3, 'score_cta_effectiveness': 3, 'score_factual_accuracy': 5, 'score_instruction_following': 4, 'critique': '结构清晰，但开头吸引力不足，可能无法在2秒内抓住注意力。'}","{'score_suitability_brevity': 5, 'score_click_appeal': 5, 'score_cta_effectiveness': 5, 'score_factual_accuracy': 5, 'score_instruction_following': 5, 'critique': '简洁有力，结构清晰，完美符合信息流广告的要求。'}"
115,paid_ad_fab,C,4.4,4.2,4.6,文案内容丰富但略显冗长，CTA明确有力,简洁性极佳但缺乏吸引力和明确的CTA,科技感强且吸引力高，但CTA稍弱,"{'score_suitability_brevity': 3, 'score_click_appeal': 4, 'score_cta_effectiveness': 5, 'score_factual_accuracy': 5, 'score_instruction_following': 5, 'critique': '文案内容丰富但略显冗长，CTA明确有力'}","{'score_suitability_brevity': 5, 'score_click_appeal': 3, 'score_cta_effectiveness': 3, 'score_factual_accuracy': 5, 'score_instruction_following': 5, 'critique': '简洁性极佳但缺乏吸引力和明确的CTA'}","{'score_suitability_brevity': 4, 'score_click_appeal': 5, 'score_cta_effectiveness': 4, 'score_factual_accuracy': 5, 'score_instruction_following': 5, 'critique': '科技感强且吸引力高，但CTA稍弱'}"
116,social_media_review,C,4.5,3.5,5.0,情感真挚，互动性强,中规中矩，缺乏亮点,专业与情感完美融合,"{'score_authenticity_immersion': 4, 'score_value_engagement': 5, 'score_brand_fit': 4, 'score_instruction_following': 5, 'critique': '情感真挚，互动性强'}","{'score_authenticity_immersion': 3, 'score_value_engagement': 3, 'score_brand_fit': 4, 'score_instruction_following': 4, 'critique': '中规中矩，缺乏亮点'}","{'score_authenticity_immersion': 5, 'score_value_engagement': 5, 'score_brand_fit': 5, 'score_instruction_following': 5, 'critique': '专业与情感完美融合'}"
117,social_media_educational,A,5.0,3.75,3.5,引人入胜的故事，完美契合品牌,科学性强，但故事性稍弱,专业但缺乏情感共鸣,"{'score_authenticity_immersion': 5, 'score_value_engagement': 5, 'score_brand_fit': 5, 'score_instruction_following': 5, 'critique': '引人入胜的故事，完美契合品牌'}","{'score_authenticity_immersion': 3, 'score_value_engagement': 4, 'score_brand_fit': 4, 'score_instruction_following': 4, 'critique': '科学性强，但故事性稍弱'}","{'score_authenticity_immersion': 3, 'score_value_engagement': 3, 'score_brand_fit': 4, 'score_instruction_following': 4, 'critique': '专业但缺乏情感共鸣'}"
118,social_media_myth_busting,A,5.0,3.75,4.5,引人入胜的故事，完美契合品牌,专业但故事性稍弱,科学性强，互动稍弱,"{'score_authenticity_immersion': 5, 'score_value_engagement': 5, 'score_brand_fit': 5, 'score_instruction_following': 5, 'critique': '引人入胜的故事，完美契合品牌'}","{'score_authenticity_immersion': 3, 'score_value_engagement': 4, 'score_brand_fit': 4, 'score_instruction_following': 4, 'critique': '专业但故事性稍弱'}","{'score_authenticity_immersion': 4, 'score_value_engagement': 4, 'score_brand_fit': 5, 'score_instruction_following': 5, 'critique': '科学性强，互动稍弱'}"
119,social_media_storytelling,A,5.0,3.5,4.5,故事真实感人，品牌契合度高,内容中规中矩，缺乏亮点,专业性强，故事稍显平淡,"{'score_authenticity_immersion': 5, 'score_value_engagement': 5, 'score_brand_fit': 5, 'score_instruction_following': 5, 'critique': '故事真实感人，品牌契合度高'}","{'score_authenticity_immersion': 3, 'score_value_engagement': 3, 'score_brand_fit': 4, 'score_instruction_following': 4, 'critique': '内容中规中矩，缺乏亮点'}","{'score_authenticity_immersion': 4, 'score_value_engagement': 4, 'score_brand_fit': 5, 'score_instruction_following': 5, 'critique': '专业性强，故事稍显平淡'}"
120,ecommerce_long_form,B,3.6666666666666665,5.0,3.3333333333333335,专业且清晰，但信任感稍弱,专业、清晰且信任感强,信息完整但专业性一般,"{'score_professionalism_persuasion': 4, 'score_clarity_value': 4, 'score_trust_building': 3, 'critique': '专业且清晰，但信任感稍弱'}","{'score_professionalism_persuasion': 5, 'score_clarity_value': 5, 'score_trust_building': 5, 'critique': '专业、清晰且信任感强'}","{'score_professionalism_persuasion': 3, 'score_clarity_value': 3, 'score_trust_building': 4, 'critique': '信息完整但专业性一般'}"
121,paid_ad_cta,C,4.4,4.2,4.8,行动号召明确且有说服力，但文案略显冗长。,简洁性极佳，但点击吸引力和行动号召较弱。,点击吸引力极强，行动号召明确且有力。,"{'score_suitability_brevity': 3, 'score_click_appeal': 4, 'score_cta_effectiveness': 5, 'score_factual_accuracy': 5, 'score_instruction_following': 5, 'critique': '行动号召明确且有说服力，但文案略显冗长。'}","{'score_suitability_brevity': 5, 'score_click_appeal': 3, 'score_cta_effectiveness': 3, 'score_factual_accuracy': 5, 'score_instruction_following': 5, 'critique': '简洁性极佳，但点击吸引力和行动号召较弱。'}","{'score_suitability_brevity': 4, 'score_click_appeal': 5, 'score_cta_effectiveness': 5, 'score_factual_accuracy': 5, 'score_instruction_following': 5, 'critique': '点击吸引力极强，行动号召明确且有力。'}"
122,paid_ad_pas,B,4.2,5.0,3.4,文案情感丰富，但略显冗长，部分描述可更简洁。,简洁有力，痛点放大解决结构清晰，CTA明确。,文案结构完整但过于冗长，部分内容可精简。,"{'score_suitability_brevity': 3, 'score_click_appeal': 4, 'score_cta_effectiveness': 4, 'score_factual_accuracy': 5, 'score_instruction_following': 5, 'critique': '文案情感丰富，但略显冗长，部分描述可更简洁。'}","{'score_suitability_brevity': 5, 'score_click_appeal': 5, 'score_cta_effectiveness': 5, 'score_factual_accuracy': 5, 'score_instruction_following': 5, 'critique': '简洁有力，痛点放大解决结构清晰，CTA明确。'}","{'score_suitability_brevity': 2, 'score_click_appeal': 3, 'score_cta_effectiveness': 3, 'score_factual_accuracy': 5, 'score_instruction_following': 4, 'critique': '文案结构完整但过于冗长，部分内容可精简。'}"
123,paid_ad_bab,B,4.2,4.8,4.6,文案情感共鸣强，但略显冗长，部分细节可精简。,科学性强，痛点切入精准，CTA明确有力。,简洁高效，但情感共鸣稍弱于其他两篇。,"{'score_suitability_brevity': 3, 'score_click_appeal': 4, 'score_cta_effectiveness': 4, 'score_factual_accuracy': 5, 'score_instruction_following': 5, 'critique': '文案情感共鸣强，但略显冗长，部分细节可精简。'}","{'score_suitability_brevity': 4, 'score_click_appeal': 5, 'score_cta_effectiveness': 5, 'score_factual_accuracy': 5, 'score_instruction_following': 5, 'critique': '科学性强，痛点切入精准，CTA明确有力。'}","{'score_suitability_brevity': 5, 'score_click_appeal': 4, 'score_cta_effectiveness': 4, 'score_factual_accuracy': 5, 'score_instruction_following': 5, 'critique': '简洁高效，但情感共鸣稍弱于其他两篇。'}"
124,paid_ad_fab,B,4.2,4.8,4.0,文案内容丰富，但略显冗长，适合深度阅读但不符合信息流广告的简洁要求。,文案简洁有力，数字化的效果描述极具吸引力，完美符合信息流广告的要求。,文案结构清晰，但缺乏足够的吸引力，CTA较为模板化。,"{'score_suitability_brevity': 3, 'score_click_appeal': 4, 'score_cta_effectiveness': 4, 'score_factual_accuracy': 5, 'score_instruction_following': 5, 'critique': '文案内容丰富，但略显冗长，适合深度阅读但不符合信息流广告的简洁要求。'}","{'score_suitability_brevity': 5, 'score_click_appeal': 5, 'score_cta_effectiveness': 4, 'score_factual_accuracy': 5, 'score_instruction_following': 5, 'critique': '文案简洁有力，数字化的效果描述极具吸引力，完美符合信息流广告的要求。'}","{'score_suitability_brevity': 4, 'score_click_appeal': 3, 'score_cta_effectiveness': 3, 'score_factual_accuracy': 5, 'score_instruction_following': 5, 'critique': '文案结构清晰，但缺乏足够的吸引力，CTA较为模板化。'}"
125,social_media_review,A,5.0,4.5,3.5,情感真挚，专业与真实完美融合,专业性强，故事性稍弱,内容简洁，但缺乏深度,"{'score_authenticity_immersion': 5, 'score_value_engagement': 5, 'score_brand_fit': 5, 'score_instruction_following': 5, 'critique': '情感真挚，专业与真实完美融合'}","{'score_authenticity_immersion': 4, 'score_value_engagement': 4, 'score_brand_fit': 5, 'score_instruction_following': 5, 'critique': '专业性强，故事性稍弱'}","{'score_authenticity_immersion': 3, 'score_value_engagement': 3, 'score_brand_fit': 4, 'score_instruction_following': 4, 'critique': '内容简洁，但缺乏深度'}"
126,social_media_educational,B,4.25,4.5,3.5,情感真挚，科普与故事结合,专业科普，品牌契合度高,科学解析，但故事性较弱,"{'score_authenticity_immersion': 4, 'score_value_engagement': 4, 'score_brand_fit': 4, 'score_instruction_following': 5, 'critique': '情感真挚，科普与故事结合'}","{'score_authenticity_immersion': 3, 'score_value_engagement': 5, 'score_brand_fit': 5, 'score_instruction_following': 5, 'critique': '专业科普，品牌契合度高'}","{'score_authenticity_immersion': 2, 'score_value_engagement': 4, 'score_brand_fit': 4, 'score_instruction_following': 4, 'critique': '科学解析，但故事性较弱'}"
127,social_media_myth_busting,C,4.5,3.5,5.0,情感真挚，互动性强,内容中规中矩,专业性强，品牌契合度高,"{'score_authenticity_immersion': 4, 'score_value_engagement': 5, 'score_brand_fit': 4, 'score_instruction_following': 5, 'critique': '情感真挚，互动性强'}","{'score_authenticity_immersion': 3, 'score_value_engagement': 4, 'score_brand_fit': 3, 'score_instruction_following': 4, 'critique': '内容中规中矩'}","{'score_authenticity_immersion': 5, 'score_value_engagement': 5, 'score_brand_fit': 5, 'score_instruction_following': 5, 'critique': '专业性强，品牌契合度高'}"
128,social_media_storytelling,C,4.25,3.25,5.0,情感真挚，但稍显广告感,内容中规中矩，缺乏亮点,专业且真实，完美契合品牌,"{'score_authenticity_immersion': 4, 'score_value_engagement': 4, 'score_brand_fit': 4, 'score_instruction_following': 5, 'critique': '情感真挚，但稍显广告感'}","{'score_authenticity_immersion': 3, 'score_value_engagement': 3, 'score_brand_fit': 3, 'score_instruction_following': 4, 'critique': '内容中规中矩，缺乏亮点'}","{'score_authenticity_immersion': 5, 'score_value_engagement': 5, 'score_brand_fit': 5, 'score_instruction_following': 5, 'critique': '专业且真实，完美契合品牌'}"
129,ecommerce_long_form,B,4.0,5.0,3.0,专业且全面，但略显冗长,结构清晰，信息精准,信息丰富但结构混乱,"{'score_professionalism_persuasion': 4, 'score_clarity_value': 4, 'score_trust_building': 4, 'critique': '专业且全面，但略显冗长'}","{'score_professionalism_persuasion': 5, 'score_clarity_value': 5, 'score_trust_building': 5, 'critique': '结构清晰，信息精准'}","{'score_professionalism_persuasion': 3, 'score_clarity_value': 3, 'score_trust_building': 3, 'critique': '信息丰富但结构混乱'}"
130,paid_ad_cta,C,4.4,4.8,5.0,文案内容丰富但略显冗长，适合深度阅读但不符合信息流广告的简洁要求。,简洁有力，迅速抓住注意力，但CTA略显模板化。,简洁且吸引力强，CTA明确且有针对性，完美符合信息流广告要求。,"{'score_suitability_brevity': 3, 'score_click_appeal': 4, 'score_cta_effectiveness': 5, 'score_factual_accuracy': 5, 'score_instruction_following': 5, 'critique': '文案内容丰富但略显冗长，适合深度阅读但不符合信息流广告的简洁要求。'}","{'score_suitability_brevity': 5, 'score_click_appeal': 5, 'score_cta_effectiveness': 4, 'score_factual_accuracy': 5, 'score_instruction_following': 5, 'critique': '简洁有力，迅速抓住注意力，但CTA略显模板化。'}","{'score_suitability_brevity': 5, 'score_click_appeal': 5, 'score_cta_effectiveness': 5, 'score_factual_accuracy': 5, 'score_instruction_following': 5, 'critique': '简洁且吸引力强，CTA明确且有针对性，完美符合信息流广告要求。'}"
131,paid_ad_pas,B,4.4,4.8,4.0,文案情感共鸣强，但略显冗长,简洁有力，痛点放大效果突出,专业性强但吸引力稍弱,"{'score_suitability_brevity': 3, 'score_click_appeal': 4, 'score_cta_effectiveness': 5, 'score_factual_accuracy': 5, 'score_instruction_following': 5, 'critique': '文案情感共鸣强，但略显冗长'}","{'score_suitability_brevity': 5, 'score_click_appeal': 5, 'score_cta_effectiveness': 4, 'score_factual_accuracy': 5, 'score_instruction_following': 5, 'critique': '简洁有力，痛点放大效果突出'}","{'score_suitability_brevity': 4, 'score_click_appeal': 3, 'score_cta_effectiveness': 3, 'score_factual_accuracy': 5, 'score_instruction_following': 5, 'critique': '专业性强但吸引力稍弱'}"
132,paid_ad_bab,B,4.2,5.0,4.4,文案内容丰富，但略显冗长，部分细节可精简,简洁有力，痛点与解决方案清晰，极具吸引力,文案结构清晰，但标题略显平淡，吸引力稍弱,"{'score_suitability_brevity': 3, 'score_click_appeal': 4, 'score_cta_effectiveness': 4, 'score_factual_accuracy': 5, 'score_instruction_following': 5, 'critique': '文案内容丰富，但略显冗长，部分细节可精简'}","{'score_suitability_brevity': 5, 'score_click_appeal': 5, 'score_cta_effectiveness': 5, 'score_factual_accuracy': 5, 'score_instruction_following': 5, 'critique': '简洁有力，痛点与解决方案清晰，极具吸引力'}","{'score_suitability_brevity': 4, 'score_click_appeal': 4, 'score_cta_effectiveness': 4, 'score_factual_accuracy': 5, 'score_instruction_following': 5, 'critique': '文案结构清晰，但标题略显平淡，吸引力稍弱'}"
133,paid_ad_fab,B,4.2,5.0,4.0,文案内容丰富，但略显冗长，不适合快速滑动浏览,简洁有力，数据支撑增强说服力，完美适配信息流广告,过于简洁，缺乏吸引力和具体优势描述,"{'score_suitability_brevity': 3, 'score_click_appeal': 4, 'score_cta_effectiveness': 4, 'score_factual_accuracy': 5, 'score_instruction_following': 5, 'critique': '文案内容丰富，但略显冗长，不适合快速滑动浏览'}","{'score_suitability_brevity': 5, 'score_click_appeal': 5, 'score_cta_effectiveness': 5, 'score_factual_accuracy': 5, 'score_instruction_following': 5, 'critique': '简洁有力，数据支撑增强说服力，完美适配信息流广告'}","{'score_suitability_brevity': 4, 'score_click_appeal': 3, 'score_cta_effectiveness': 3, 'score_factual_accuracy': 5, 'score_instruction_following': 5, 'critique': '过于简洁，缺乏吸引力和具体优势描述'}"
134,social_media_review,A,4.75,3.5,4.5,情感真挚，细节丰富,信息清晰但缺乏深度,专业感强，故事自然,"{'score_authenticity_immersion': 5, 'score_value_engagement': 5, 'score_brand_fit': 4, 'score_instruction_following': 5, 'critique': '情感真挚，细节丰富'}","{'score_authenticity_immersion': 3, 'score_value_engagement': 3, 'score_brand_fit': 4, 'score_instruction_following': 4, 'critique': '信息清晰但缺乏深度'}","{'score_authenticity_immersion': 4, 'score_value_engagement': 4, 'score_brand_fit': 5, 'score_instruction_following': 5, 'critique': '专业感强，故事自然'}"
135,social_media_educational,C,4.5,3.5,5.0,情感真挚，互动性强,信息实用但缺乏亮点,专业性强，品牌契合度高,"{'score_authenticity_immersion': 4, 'score_value_engagement': 5, 'score_brand_fit': 4, 'score_instruction_following': 5, 'critique': '情感真挚，互动性强'}","{'score_authenticity_immersion': 3, 'score_value_engagement': 4, 'score_brand_fit': 3, 'score_instruction_following': 4, 'critique': '信息实用但缺乏亮点'}","{'score_authenticity_immersion': 5, 'score_value_engagement': 5, 'score_brand_fit': 5, 'score_instruction_following': 5, 'critique': '专业性强，品牌契合度高'}"
136,social_media_myth_busting,B,4.5,5.0,4.0,生动有趣，信息丰富,真实感人，专业契合,科学性强，稍显生硬,"{'score_authenticity_immersion': 4, 'score_value_engagement': 5, 'score_brand_fit': 4, 'score_instruction_following': 5, 'critique': '生动有趣，信息丰富'}","{'score_authenticity_immersion': 5, 'score_value_engagement': 5, 'score_brand_fit': 5, 'score_instruction_following': 5, 'critique': '真实感人，专业契合'}","{'score_authenticity_immersion': 3, 'score_value_engagement': 4, 'score_brand_fit': 4, 'score_instruction_following': 5, 'critique': '科学性强，稍显生硬'}"
137,social_media_storytelling,B,4.5,4.75,4.25,情感真挚，互动性强,故事性强，品牌契合度高,专业性强，但故事性稍弱,"{'score_authenticity_immersion': 4, 'score_value_engagement': 5, 'score_brand_fit': 4, 'score_instruction_following': 5, 'critique': '情感真挚，互动性强'}","{'score_authenticity_immersion': 5, 'score_value_engagement': 4, 'score_brand_fit': 5, 'score_instruction_following': 5, 'critique': '故事性强，品牌契合度高'}","{'score_authenticity_immersion': 3, 'score_value_engagement': 4, 'score_brand_fit': 5, 'score_instruction_following': 5, 'critique': '专业性强，但故事性稍弱'}"
138,ecommerce_long_form,A,5.0,4.0,3.0,专业全面，说服力强,简洁清晰，略有保留,结构清晰，深度不足,"{'score_professionalism_persuasion': 5, 'score_clarity_value': 5, 'score_trust_building': 5, 'critique': '专业全面，说服力强'}","{'score_professionalism_persuasion': 4, 'score_clarity_value': 4, 'score_trust_building': 4, 'critique': '简洁清晰，略有保留'}","{'score_professionalism_persuasion': 3, 'score_clarity_value': 3, 'score_trust_building': 3, 'critique': '结构清晰，深度不足'}"
139,paid_ad_cta,C,4.4,4.2,4.6,CTA非常明确且有吸引力，但文案略显冗长。,简洁性极佳，但CTA和点击吸引力较弱。,点击吸引力极强，但CTA稍显不足。,"{'score_suitability_brevity': 3, 'score_click_appeal': 4, 'score_cta_effectiveness': 5, 'score_factual_accuracy': 5, 'score_instruction_following': 5, 'critique': 'CTA非常明确且有吸引力，但文案略显冗长。'}","{'score_suitability_brevity': 5, 'score_click_appeal': 3, 'score_cta_effectiveness': 3, 'score_factual_accuracy': 5, 'score_instruction_following': 5, 'critique': '简洁性极佳，但CTA和点击吸引力较弱。'}","{'score_suitability_brevity': 4, 'score_click_appeal': 5, 'score_cta_effectiveness': 4, 'score_factual_accuracy': 5, 'score_instruction_following': 5, 'critique': '点击吸引力极强，但CTA稍显不足。'}"
140,paid_ad_pas,C,4.4,4.2,4.8,文案内容丰富，但略显冗长，不符合'短平快'的要求。,简洁明了，但点击吸引力和行动号召力较弱。,痛点放大解决风格突出，点击吸引力和行动号召力强。,"{'score_suitability_brevity': 3, 'score_click_appeal': 4, 'score_cta_effectiveness': 5, 'score_factual_accuracy': 5, 'score_instruction_following': 5, 'critique': ""文案内容丰富，但略显冗长，不符合'短平快'的要求。""}","{'score_suitability_brevity': 5, 'score_click_appeal': 3, 'score_cta_effectiveness': 3, 'score_factual_accuracy': 5, 'score_instruction_following': 5, 'critique': '简洁明了，但点击吸引力和行动号召力较弱。'}","{'score_suitability_brevity': 4, 'score_click_appeal': 5, 'score_cta_effectiveness': 5, 'score_factual_accuracy': 5, 'score_instruction_following': 5, 'critique': '痛点放大解决风格突出，点击吸引力和行动号召力强。'}"
141,paid_ad_bab,B,3.4,5.0,4.2,灾难性的冗长，完全不适合作为付费广告,简洁有力，完美适配信息流的阅读场景,略有啰嗦，但核心信息尚算清晰,"{'score_suitability_brevity': 1, 'score_click_appeal': 3, 'score_cta_effectiveness': 3, 'score_factual_accuracy': 5, 'score_instruction_following': 5, 'critique': '灾难性的冗长，完全不适合作为付费广告'}","{'score_suitability_brevity': 5, 'score_click_appeal': 5, 'score_cta_effectiveness': 5, 'score_factual_accuracy': 5, 'score_instruction_following': 5, 'critique': '简洁有力，完美适配信息流的阅读场景'}","{'score_suitability_brevity': 3, 'score_click_appeal': 4, 'score_cta_effectiveness': 4, 'score_factual_accuracy': 5, 'score_instruction_following': 5, 'critique': '略有啰嗦，但核心信息尚算清晰'}"
142,paid_ad_fab,B,3.8,4.8,4.6,文案内容全面但略显冗长，开头吸引力一般。,数据支撑和核心成分突出，极具点击吸引力。,简洁有力，步骤清晰，但CTA稍弱。,"{'score_suitability_brevity': 3, 'score_click_appeal': 3, 'score_cta_effectiveness': 3, 'score_factual_accuracy': 5, 'score_instruction_following': 5, 'critique': '文案内容全面但略显冗长，开头吸引力一般。'}","{'score_suitability_brevity': 4, 'score_click_appeal': 5, 'score_cta_effectiveness': 5, 'score_factual_accuracy': 5, 'score_instruction_following': 5, 'critique': '数据支撑和核心成分突出，极具点击吸引力。'}","{'score_suitability_brevity': 5, 'score_click_appeal': 4, 'score_cta_effectiveness': 4, 'score_factual_accuracy': 5, 'score_instruction_following': 5, 'critique': '简洁有力，步骤清晰，但CTA稍弱。'}"
143,social_media_review,A,5.0,4.0,3.0,情感真挚，品牌契合度高,故事性强，品牌契合度稍弱,内容价值一般，品牌契合度一般,"{'score_authenticity_immersion': 5, 'score_value_engagement': 5, 'score_brand_fit': 5, 'score_instruction_following': 5, 'critique': '情感真挚，品牌契合度高'}","{'score_authenticity_immersion': 4, 'score_value_engagement': 4, 'score_brand_fit': 4, 'score_instruction_following': 4, 'critique': '故事性强，品牌契合度稍弱'}","{'score_authenticity_immersion': 3, 'score_value_engagement': 3, 'score_brand_fit': 3, 'score_instruction_following': 3, 'critique': '内容价值一般，品牌契合度一般'}"
144,social_media_educational,C,4.5,4.0,5.0,生动有趣，科普性强,专业性强，但缺乏故事性,故事与专业完美结合,"{'score_authenticity_immersion': 4, 'score_value_engagement': 5, 'score_brand_fit': 4, 'score_instruction_following': 5, 'critique': '生动有趣，科普性强'}","{'score_authenticity_immersion': 3, 'score_value_engagement': 4, 'score_brand_fit': 5, 'score_instruction_following': 4, 'critique': '专业性强，但缺乏故事性'}","{'score_authenticity_immersion': 5, 'score_value_engagement': 5, 'score_brand_fit': 5, 'score_instruction_following': 5, 'critique': '故事与专业完美结合'}"
145,social_media_myth_busting,A,5.0,4.25,3.5,故事引人入胜，品牌契合度高,信息清晰，但故事性稍弱,专业性强，但情感共鸣不足,"{'score_authenticity_immersion': 5, 'score_value_engagement': 5, 'score_brand_fit': 5, 'score_instruction_following': 5, 'critique': '故事引人入胜，品牌契合度高'}","{'score_authenticity_immersion': 4, 'score_value_engagement': 4, 'score_brand_fit': 4, 'score_instruction_following': 5, 'critique': '信息清晰，但故事性稍弱'}","{'score_authenticity_immersion': 3, 'score_value_engagement': 3, 'score_brand_fit': 4, 'score_instruction_following': 4, 'critique': '专业性强，但情感共鸣不足'}"
146,social_media_storytelling,B,4.0,5.0,4.25,情感真挚但专业感稍弱,完美融合故事与专业,专业解析但故事性稍弱,"{'score_authenticity_immersion': 4, 'score_value_engagement': 4, 'score_brand_fit': 3, 'score_instruction_following': 5, 'critique': '情感真挚但专业感稍弱'}","{'score_authenticity_immersion': 5, 'score_value_engagement': 5, 'score_brand_fit': 5, 'score_instruction_following': 5, 'critique': '完美融合故事与专业'}","{'score_authenticity_immersion': 4, 'score_value_engagement': 4, 'score_brand_fit': 4, 'score_instruction_following': 5, 'critique': '专业解析但故事性稍弱'}"
147,ecommerce_long_form,C,4.333333333333333,3.3333333333333335,5.0,专业且信息清晰，信任感强,信息清晰但专业性一般,专业性强，信息清晰，信任感高,"{'score_professionalism_persuasion': 4, 'score_clarity_value': 5, 'score_trust_building': 4, 'critique': '专业且信息清晰，信任感强'}","{'score_professionalism_persuasion': 3, 'score_clarity_value': 4, 'score_trust_building': 3, 'critique': '信息清晰但专业性一般'}","{'score_professionalism_persuasion': 5, 'score_clarity_value': 5, 'score_trust_building': 5, 'critique': '专业性强，信息清晰，信任感高'}"
148,paid_ad_cta,A,4.6,4.2,4.4,钩子极具吸引力，但文案略显冗长,简洁但缺乏吸引力,平衡了简洁性和吸引力,"{'score_suitability_brevity': 3, 'score_click_appeal': 5, 'score_cta_effectiveness': 5, 'score_factual_accuracy': 5, 'score_instruction_following': 5, 'critique': '钩子极具吸引力，但文案略显冗长'}","{'score_suitability_brevity': 5, 'score_click_appeal': 3, 'score_cta_effectiveness': 3, 'score_factual_accuracy': 5, 'score_instruction_following': 5, 'critique': '简洁但缺乏吸引力'}","{'score_suitability_brevity': 4, 'score_click_appeal': 4, 'score_cta_effectiveness': 4, 'score_factual_accuracy': 5, 'score_instruction_following': 5, 'critique': '平衡了简洁性和吸引力'}"
149,paid_ad_pas,B,4.2,5.0,4.4,文案内容丰富，但略显冗长，适合深度阅读但不符合信息流广告的短平快要求。,文案简洁有力，痛点放大和解决方案清晰，非常适合快速阅读的信息流广告。,文案逻辑清晰，但开头略显平淡，吸引力稍逊于模型B。,"{'score_suitability_brevity': 3, 'score_click_appeal': 4, 'score_cta_effectiveness': 4, 'score_factual_accuracy': 5, 'score_instruction_following': 5, 'critique': '文案内容丰富，但略显冗长，适合深度阅读但不符合信息流广告的短平快要求。'}","{'score_suitability_brevity': 5, 'score_click_appeal': 5, 'score_cta_effectiveness': 5, 'score_factual_accuracy': 5, 'score_instruction_following': 5, 'critique': '文案简洁有力，痛点放大和解决方案清晰，非常适合快速阅读的信息流广告。'}","{'score_suitability_brevity': 4, 'score_click_appeal': 4, 'score_cta_effectiveness': 4, 'score_factual_accuracy': 5, 'score_instruction_following': 5, 'critique': '文案逻辑清晰，但开头略显平淡，吸引力稍逊于模型B。'}"
150,paid_ad_bab,B,4.4,4.8,4.2,文案结构完整，但略显冗长，部分描述可以更简洁。,文案简洁有力，痛点描述精准，但CTA略显模板化。,文案结构清晰，但CTA不够突出，缺乏强烈的行动号召。,"{'score_suitability_brevity': 3, 'score_click_appeal': 4, 'score_cta_effectiveness': 5, 'score_factual_accuracy': 5, 'score_instruction_following': 5, 'critique': '文案结构完整，但略显冗长，部分描述可以更简洁。'}","{'score_suitability_brevity': 5, 'score_click_appeal': 5, 'score_cta_effectiveness': 4, 'score_factual_accuracy': 5, 'score_instruction_following': 5, 'critique': '文案简洁有力，痛点描述精准，但CTA略显模板化。'}","{'score_suitability_brevity': 4, 'score_click_appeal': 4, 'score_cta_effectiveness': 3, 'score_factual_accuracy': 5, 'score_instruction_following': 5, 'critique': '文案结构清晰，但CTA不够突出，缺乏强烈的行动号召。'}"
151,paid_ad_fab,B,4.4,4.8,4.4,文案内容丰富，但略显冗长，不符合信息流广告的短平快要求。,文案简洁有力，能迅速抓住注意力，但CTA稍显模板化。,文案极其简洁，但缺乏足够的吸引力和明确的CTA。,"{'score_suitability_brevity': 3, 'score_click_appeal': 4, 'score_cta_effectiveness': 5, 'score_factual_accuracy': 5, 'score_instruction_following': 5, 'critique': '文案内容丰富，但略显冗长，不符合信息流广告的短平快要求。'}","{'score_suitability_brevity': 5, 'score_click_appeal': 5, 'score_cta_effectiveness': 4, 'score_factual_accuracy': 5, 'score_instruction_following': 5, 'critique': '文案简洁有力，能迅速抓住注意力，但CTA稍显模板化。'}","{'score_suitability_brevity': 5, 'score_click_appeal': 4, 'score_cta_effectiveness': 3, 'score_factual_accuracy': 5, 'score_instruction_following': 5, 'critique': '文案极其简洁，但缺乏足够的吸引力和明确的CTA。'}"
152,social_media_review,A,5.0,3.25,4.5,情感真挚，专业与真实完美融合,内容重复，故事性一般,成分党视角独特，专业性强,"{'score_authenticity_immersion': 5, 'score_value_engagement': 5, 'score_brand_fit': 5, 'score_instruction_following': 5, 'critique': '情感真挚，专业与真实完美融合'}","{'score_authenticity_immersion': 3, 'score_value_engagement': 3, 'score_brand_fit': 4, 'score_instruction_following': 3, 'critique': '内容重复，故事性一般'}","{'score_authenticity_immersion': 4, 'score_value_engagement': 4, 'score_brand_fit': 5, 'score_instruction_following': 5, 'critique': '成分党视角独特，专业性强'}"
153,social_media_educational,C,4.5,4.0,5.0,情感真挚，互动性强,专业性强，但故事性弱,科学严谨，故事引人入胜,"{'score_authenticity_immersion': 4, 'score_value_engagement': 5, 'score_brand_fit': 4, 'score_instruction_following': 5, 'critique': '情感真挚，互动性强'}","{'score_authenticity_immersion': 3, 'score_value_engagement': 4, 'score_brand_fit': 5, 'score_instruction_following': 4, 'critique': '专业性强，但故事性弱'}","{'score_authenticity_immersion': 5, 'score_value_engagement': 5, 'score_brand_fit': 5, 'score_instruction_following': 5, 'critique': '科学严谨，故事引人入胜'}"
154,social_media_myth_busting,A,5.0,3.75,4.75,情感真挚，品牌契合度高,科普性强，但故事性稍弱,科学性强，互动潜力高,"{'score_authenticity_immersion': 5, 'score_value_engagement': 5, 'score_brand_fit': 5, 'score_instruction_following': 5, 'critique': '情感真挚，品牌契合度高'}","{'score_authenticity_immersion': 3, 'score_value_engagement': 4, 'score_brand_fit': 4, 'score_instruction_following': 4, 'critique': '科普性强，但故事性稍弱'}","{'score_authenticity_immersion': 4, 'score_value_engagement': 5, 'score_brand_fit': 5, 'score_instruction_following': 5, 'critique': '科学性强，互动潜力高'}"
155,social_media_storytelling,A,4.5,4.5,3.5,内容丰富，互动性强,故事真实，品牌契合,中规中矩，缺乏亮点,"{'score_authenticity_immersion': 4, 'score_value_engagement': 5, 'score_brand_fit': 4, 'score_instruction_following': 5, 'critique': '内容丰富，互动性强'}","{'score_authenticity_immersion': 5, 'score_value_engagement': 4, 'score_brand_fit': 5, 'score_instruction_following': 4, 'critique': '故事真实，品牌契合'}","{'score_authenticity_immersion': 3, 'score_value_engagement': 3, 'score_brand_fit': 4, 'score_instruction_following': 4, 'critique': '中规中矩，缺乏亮点'}"
156,ecommerce_long_form,A,5.0,4.0,3.0,专业性强，信息清晰，信任感十足,科学可读，结构清晰，信任感良好,信息基本完整，但略显简略,"{'score_professionalism_persuasion': 5, 'score_clarity_value': 5, 'score_trust_building': 5, 'critique': '专业性强，信息清晰，信任感十足'}","{'score_professionalism_persuasion': 4, 'score_clarity_value': 4, 'score_trust_building': 4, 'critique': '科学可读，结构清晰，信任感良好'}","{'score_professionalism_persuasion': 3, 'score_clarity_value': 3, 'score_trust_building': 3, 'critique': '信息基本完整，但略显简略'}"
157,paid_ad_cta,B,4.4,4.8,4.4,CTA非常明确且有说服力，但文案略显冗长,简洁有力，钩子极具吸引力,信息准确但CTA稍显模板化,"{'score_suitability_brevity': 3, 'score_click_appeal': 4, 'score_cta_effectiveness': 5, 'score_factual_accuracy': 5, 'score_instruction_following': 5, 'critique': 'CTA非常明确且有说服力，但文案略显冗长'}","{'score_suitability_brevity': 5, 'score_click_appeal': 5, 'score_cta_effectiveness': 4, 'score_factual_accuracy': 5, 'score_instruction_following': 5, 'critique': '简洁有力，钩子极具吸引力'}","{'score_suitability_brevity': 4, 'score_click_appeal': 4, 'score_cta_effectiveness': 4, 'score_factual_accuracy': 5, 'score_instruction_following': 5, 'critique': '信息准确但CTA稍显模板化'}"
158,paid_ad_pas,B,4.2,5.0,4.4,文案内容丰富，但略显冗长，部分信息可精简。,简洁有力，痛点放大和解决方案清晰，CTA明确。,文案结构清晰，但开头略显模板化，吸引力稍弱。,"{'score_suitability_brevity': 3, 'score_click_appeal': 4, 'score_cta_effectiveness': 4, 'score_factual_accuracy': 5, 'score_instruction_following': 5, 'critique': '文案内容丰富，但略显冗长，部分信息可精简。'}","{'score_suitability_brevity': 5, 'score_click_appeal': 5, 'score_cta_effectiveness': 5, 'score_factual_accuracy': 5, 'score_instruction_following': 5, 'critique': '简洁有力，痛点放大和解决方案清晰，CTA明确。'}","{'score_suitability_brevity': 4, 'score_click_appeal': 4, 'score_cta_effectiveness': 4, 'score_factual_accuracy': 5, 'score_instruction_following': 5, 'critique': '文案结构清晰，但开头略显模板化，吸引力稍弱。'}"
159,paid_ad_bab,C,4.2,4.4,5.0,文案内容丰富，但略显冗长，部分细节可能不适合快速浏览的信息流广告。,文案简洁明了，符合信息流广告的快速浏览需求，但CTA略显模板化。,文案简洁有力，痛点共鸣强烈，CTA明确且与内容紧密结合，是最佳选择。,"{'score_suitability_brevity': 3, 'score_click_appeal': 4, 'score_cta_effectiveness': 4, 'score_factual_accuracy': 5, 'score_instruction_following': 5, 'critique': '文案内容丰富，但略显冗长，部分细节可能不适合快速浏览的信息流广告。'}","{'score_suitability_brevity': 5, 'score_click_appeal': 4, 'score_cta_effectiveness': 3, 'score_factual_accuracy': 5, 'score_instruction_following': 5, 'critique': '文案简洁明了，符合信息流广告的快速浏览需求，但CTA略显模板化。'}","{'score_suitability_brevity': 5, 'score_click_appeal': 5, 'score_cta_effectiveness': 5, 'score_factual_accuracy': 5, 'score_instruction_following': 5, 'critique': '文案简洁有力，痛点共鸣强烈，CTA明确且与内容紧密结合，是最佳选择。'}"
160,paid_ad_fab,C,4.4,4.4,5.0,文案内容丰富，但略显冗长，不符合信息流广告的简洁要求。,文案简洁明了，但点击吸引力稍显不足。,文案简洁有力，点击吸引力强，完美符合信息流广告的要求。,"{'score_suitability_brevity': 3, 'score_click_appeal': 4, 'score_cta_effectiveness': 5, 'score_factual_accuracy': 5, 'score_instruction_following': 5, 'critique': '文案内容丰富，但略显冗长，不符合信息流广告的简洁要求。'}","{'score_suitability_brevity': 5, 'score_click_appeal': 3, 'score_cta_effectiveness': 4, 'score_factual_accuracy': 5, 'score_instruction_following': 5, 'critique': '文案简洁明了，但点击吸引力稍显不足。'}","{'score_suitability_brevity': 5, 'score_click_appeal': 5, 'score_cta_effectiveness': 5, 'score_factual_accuracy': 5, 'score_instruction_following': 5, 'critique': '文案简洁有力，点击吸引力强，完美符合信息流广告的要求。'}"
161,social_media_review,B,4.5,4.75,3.5,情感真挚，互动性强,专业感强，品牌契合度高,内容中规中矩，缺乏亮点,"{'score_authenticity_immersion': 4, 'score_value_engagement': 5, 'score_brand_fit': 4, 'score_instruction_following': 5, 'critique': '情感真挚，互动性强'}","{'score_authenticity_immersion': 5, 'score_value_engagement': 4, 'score_brand_fit': 5, 'score_instruction_following': 5, 'critique': '专业感强，品牌契合度高'}","{'score_authenticity_immersion': 3, 'score_value_engagement': 3, 'score_brand_fit': 4, 'score_instruction_following': 4, 'critique': '内容中规中矩，缺乏亮点'}"
162,social_media_educational,C,4.0,4.5,5.0,情感真挚但专业感稍弱,科学性强但故事性不足,完美平衡科学与故事性,"{'score_authenticity_immersion': 4, 'score_value_engagement': 4, 'score_brand_fit': 3, 'score_instruction_following': 5, 'critique': '情感真挚但专业感稍弱'}","{'score_authenticity_immersion': 3, 'score_value_engagement': 5, 'score_brand_fit': 5, 'score_instruction_following': 5, 'critique': '科学性强但故事性不足'}","{'score_authenticity_immersion': 5, 'score_value_engagement': 5, 'score_brand_fit': 5, 'score_instruction_following': 5, 'critique': '完美平衡科学与故事性'}"
163,social_media_myth_busting,A,4.5,4.0,3.5,引人入胜的误区破除，互动性强,专业性强，但故事性稍弱,内容中规中矩，缺乏亮点,"{'score_authenticity_immersion': 4, 'score_value_engagement': 5, 'score_brand_fit': 4, 'score_instruction_following': 5, 'critique': '引人入胜的误区破除，互动性强'}","{'score_authenticity_immersion': 3, 'score_value_engagement': 4, 'score_brand_fit': 5, 'score_instruction_following': 4, 'critique': '专业性强，但故事性稍弱'}","{'score_authenticity_immersion': 3, 'score_value_engagement': 3, 'score_brand_fit': 4, 'score_instruction_following': 4, 'critique': '内容中规中矩，缺乏亮点'}"
164,social_media_storytelling,B,4.25,5.0,3.5,情感真挚，互动性强,故事引人入胜，品牌契合度高,内容中规中矩，缺乏亮点,"{'score_authenticity_immersion': 4, 'score_value_engagement': 4, 'score_brand_fit': 4, 'score_instruction_following': 5, 'critique': '情感真挚，互动性强'}","{'score_authenticity_immersion': 5, 'score_value_engagement': 5, 'score_brand_fit': 5, 'score_instruction_following': 5, 'critique': '故事引人入胜，品牌契合度高'}","{'score_authenticity_immersion': 3, 'score_value_engagement': 3, 'score_brand_fit': 4, 'score_instruction_following': 4, 'critique': '内容中规中矩，缺乏亮点'}"
165,ecommerce_long_form,B,4.333333333333333,4.666666666666667,4.0,专业且信息清晰,科学严谨，信任感强,平衡专业与清晰,"{'score_professionalism_persuasion': 4, 'score_clarity_value': 5, 'score_trust_building': 4, 'critique': '专业且信息清晰'}","{'score_professionalism_persuasion': 5, 'score_clarity_value': 4, 'score_trust_building': 5, 'critique': '科学严谨，信任感强'}","{'score_professionalism_persuasion': 4, 'score_clarity_value': 4, 'score_trust_building': 4, 'critique': '平衡专业与清晰'}"
166,paid_ad_cta,B,4.4,4.8,4.8,文案内容丰富，但略显冗长，不适合快速滑动浏览的信息流广告。,简洁有力，迅速抓住注意力，但CTA稍显模板化。,结构清晰，CTA明确且有吸引力，但略长于模型B。,"{'score_suitability_brevity': 3, 'score_click_appeal': 4, 'score_cta_effectiveness': 5, 'score_factual_accuracy': 5, 'score_instruction_following': 5, 'critique': '文案内容丰富，但略显冗长，不适合快速滑动浏览的信息流广告。'}","{'score_suitability_brevity': 5, 'score_click_appeal': 5, 'score_cta_effectiveness': 4, 'score_factual_accuracy': 5, 'score_instruction_following': 5, 'critique': '简洁有力，迅速抓住注意力，但CTA稍显模板化。'}","{'score_suitability_brevity': 4, 'score_click_appeal': 5, 'score_cta_effectiveness': 5, 'score_factual_accuracy': 5, 'score_instruction_following': 5, 'critique': '结构清晰，CTA明确且有吸引力，但略长于模型B。'}"
167,paid_ad_pas,C,4.4,4.6,5.0,文案内容丰富，但略显冗长，部分细节可能不适合快速浏览的信息流广告。,文案极具吸引力，能够迅速抓住注意力，但CTA部分略显模板化。,文案简洁有力，完美符合信息流广告的快速浏览需求，且CTA明确有效。,"{'score_suitability_brevity': 3, 'score_click_appeal': 4, 'score_cta_effectiveness': 5, 'score_factual_accuracy': 5, 'score_instruction_following': 5, 'critique': '文案内容丰富，但略显冗长，部分细节可能不适合快速浏览的信息流广告。'}","{'score_suitability_brevity': 4, 'score_click_appeal': 5, 'score_cta_effectiveness': 4, 'score_factual_accuracy': 5, 'score_instruction_following': 5, 'critique': '文案极具吸引力，能够迅速抓住注意力，但CTA部分略显模板化。'}","{'score_suitability_brevity': 5, 'score_click_appeal': 5, 'score_cta_effectiveness': 5, 'score_factual_accuracy': 5, 'score_instruction_following': 5, 'critique': '文案简洁有力，完美符合信息流广告的快速浏览需求，且CTA明确有效。'}"
168,paid_ad_bab,B,3.4,5.0,4.2,灾难性的冗长，完全不适合作为付费广告,简洁有力，直击痛点，完美适配信息流广告,文案解析部分过于冗长，影响简洁性,"{'score_suitability_brevity': 1, 'score_click_appeal': 3, 'score_cta_effectiveness': 3, 'score_factual_accuracy': 5, 'score_instruction_following': 5, 'critique': '灾难性的冗长，完全不适合作为付费广告'}","{'score_suitability_brevity': 5, 'score_click_appeal': 5, 'score_cta_effectiveness': 5, 'score_factual_accuracy': 5, 'score_instruction_following': 5, 'critique': '简洁有力，直击痛点，完美适配信息流广告'}","{'score_suitability_brevity': 3, 'score_click_appeal': 4, 'score_cta_effectiveness': 4, 'score_factual_accuracy': 5, 'score_instruction_following': 5, 'critique': '文案解析部分过于冗长，影响简洁性'}"
169,paid_ad_fab,B,4.2,5.0,4.2,文案内容丰富，但略显冗长，部分细节可能不适合快速浏览的信息流广告。,文案简洁有力，吸引力强，CTA明确且与内容紧密结合，完美符合信息流广告的要求。,文案简洁但吸引力一般，CTA较为模板化，缺乏亮点。,"{'score_suitability_brevity': 3, 'score_click_appeal': 4, 'score_cta_effectiveness': 4, 'score_factual_accuracy': 5, 'score_instruction_following': 5, 'critique': '文案内容丰富，但略显冗长，部分细节可能不适合快速浏览的信息流广告。'}","{'score_suitability_brevity': 5, 'score_click_appeal': 5, 'score_cta_effectiveness': 5, 'score_factual_accuracy': 5, 'score_instruction_following': 5, 'critique': '文案简洁有力，吸引力强，CTA明确且与内容紧密结合，完美符合信息流广告的要求。'}","{'score_suitability_brevity': 5, 'score_click_appeal': 3, 'score_cta_effectiveness': 3, 'score_factual_accuracy': 5, 'score_instruction_following': 5, 'critique': '文案简洁但吸引力一般，CTA较为模板化，缺乏亮点。'}"
