index,content_type,best_model,golden_avg_score,finetuned_avg_score,base_avg_score,golden_critique,finetuned_critique,base_critique,golden_scores,finetuned_scores,base_scores
0,social_media_review,A,4.75,4.75,4.25,专业与故事完美融合,真实感强，品牌稍弱,情感丰富，专业稍逊,"{'score_authenticity_immersion': 4, 'score_value_engagement': 5, 'score_brand_fit': 5, 'score_instruction_following': 5, 'critique': '专业与故事完美融合'}","{'score_authenticity_immersion': 5, 'score_value_engagement': 5, 'score_brand_fit': 4, 'score_instruction_following': 5, 'critique': '真实感强，品牌稍弱'}","{'score_authenticity_immersion': 4, 'score_value_engagement': 4, 'score_brand_fit': 4, 'score_instruction_following': 5, 'critique': '情感丰富，专业稍逊'}"
1,social_media_educational,A,5.0,3.75,3.75,专业科普与真实体验完美结合,科学性强但故事性稍弱,情感共鸣强但专业度稍逊,"{'score_authenticity_immersion': 5, 'score_value_engagement': 5, 'score_brand_fit': 5, 'score_instruction_following': 5, 'critique': '专业科普与真实体验完美结合'}","{'score_authenticity_immersion': 3, 'score_value_engagement': 4, 'score_brand_fit': 4, 'score_instruction_following': 4, 'critique': '科学性强但故事性稍弱'}","{'score_authenticity_immersion': 4, 'score_value_engagement': 4, 'score_brand_fit': 3, 'score_instruction_following': 4, 'critique': '情感共鸣强但专业度稍逊'}"
2,social_media_myth_busting,C,4.75,3.75,5.0,专业科普，品牌契合度高,故事感稍弱，但信息丰富,故事动人，品牌传递自然,"{'score_authenticity_immersion': 4, 'score_value_engagement': 5, 'score_brand_fit': 5, 'score_instruction_following': 5, 'critique': '专业科普，品牌契合度高'}","{'score_authenticity_immersion': 3, 'score_value_engagement': 4, 'score_brand_fit': 4, 'score_instruction_following': 4, 'critique': '故事感稍弱，但信息丰富'}","{'score_authenticity_immersion': 5, 'score_value_engagement': 5, 'score_brand_fit': 5, 'score_instruction_following': 5, 'critique': '故事动人，品牌传递自然'}"
3,social_media_storytelling,A,5.0,3.25,3.75,真实故事与品牌理念完美融合,内容中规中矩，缺乏亮点,情感丰富但稍显夸张,"{'score_authenticity_immersion': 5, 'score_value_engagement': 5, 'score_brand_fit': 5, 'score_instruction_following': 5, 'critique': '真实故事与品牌理念完美融合'}","{'score_authenticity_immersion': 3, 'score_value_engagement': 3, 'score_brand_fit': 3, 'score_instruction_following': 4, 'critique': '内容中规中矩，缺乏亮点'}","{'score_authenticity_immersion': 4, 'score_value_engagement': 4, 'score_brand_fit': 3, 'score_instruction_following': 4, 'critique': '情感丰富但稍显夸张'}"
4,ecommerce_long_form,A,5.0,4.0,3.0,专业权威，逻辑严谨,科学精准，结构清晰,营销感强，信息完整,"{'score_professionalism_persuasion': 5, 'score_clarity_value': 5, 'score_trust_building': 5, 'critique': '专业权威，逻辑严谨'}","{'score_professionalism_persuasion': 4, 'score_clarity_value': 4, 'score_trust_building': 4, 'critique': '科学精准，结构清晰'}","{'score_professionalism_persuasion': 3, 'score_clarity_value': 3, 'score_trust_building': 3, 'critique': '营销感强，信息完整'}"
5,paid_ad_cta,B,4.6,4.8,4.2,极具冲击力的开头，能迅速激发好奇心,简洁有力，行动号召明确且有吸引力,内容丰富但略显冗长，适合更详细的介绍场景,"{'score_suitability_brevity': 4, 'score_click_appeal': 5, 'score_cta_effectiveness': 4, 'score_factual_accuracy': 5, 'score_instruction_following': 5, 'critique': '极具冲击力的开头，能迅速激发好奇心'}","{'score_suitability_brevity': 5, 'score_click_appeal': 4, 'score_cta_effectiveness': 5, 'score_factual_accuracy': 5, 'score_instruction_following': 5, 'critique': '简洁有力，行动号召明确且有吸引力'}","{'score_suitability_brevity': 3, 'score_click_appeal': 4, 'score_cta_effectiveness': 4, 'score_factual_accuracy': 5, 'score_instruction_following': 5, 'critique': '内容丰富但略显冗长，适合更详细的介绍场景'}"
6,paid_ad_pas,A,4.8,4.4,4.4,简洁有力，直接击中痛点并提供解决方案。,痛点放大明显，但文案稍显冗长。,极具吸引力但过于冗长，不适合快速滑动场景。,"{'score_suitability_brevity': 5, 'score_click_appeal': 4, 'score_cta_effectiveness': 5, 'score_factual_accuracy': 5, 'score_instruction_following': 5, 'critique': '简洁有力，直接击中痛点并提供解决方案。'}","{'score_suitability_brevity': 3, 'score_click_appeal': 5, 'score_cta_effectiveness': 4, 'score_factual_accuracy': 5, 'score_instruction_following': 5, 'critique': '痛点放大明显，但文案稍显冗长。'}","{'score_suitability_brevity': 2, 'score_click_appeal': 5, 'score_cta_effectiveness': 5, 'score_factual_accuracy': 5, 'score_instruction_following': 5, 'critique': '极具吸引力但过于冗长，不适合快速滑动场景。'}"
7,paid_ad_bab,A,4.4,4.2,3.8,简洁有力，直接击中痛点，但CTA稍显模板化。,情感共鸣强烈，但结构稍显冗长，CTA不够突出。,灾难性的冗长，完全不适合付费广告，尽管CTA明确。,"{'score_suitability_brevity': 5, 'score_click_appeal': 4, 'score_cta_effectiveness': 4, 'score_factual_accuracy': 5, 'score_instruction_following': 4, 'critique': '简洁有力，直接击中痛点，但CTA稍显模板化。'}","{'score_suitability_brevity': 3, 'score_click_appeal': 5, 'score_cta_effectiveness': 3, 'score_factual_accuracy': 5, 'score_instruction_following': 5, 'critique': '情感共鸣强烈，但结构稍显冗长，CTA不够突出。'}","{'score_suitability_brevity': 1, 'score_click_appeal': 3, 'score_cta_effectiveness': 5, 'score_factual_accuracy': 5, 'score_instruction_following': 5, 'critique': '灾难性的冗长，完全不适合付费广告，尽管CTA明确。'}"
8,paid_ad_fab,A,4.8,4.2,4.0,文案简洁有力，行动号召明确，但开头吸引力稍逊。,开头极具吸引力，但结构稍显冗长，CTA较弱。,内容丰富但过于冗长，不适合快速浏览的信息流广告。,"{'score_suitability_brevity': 5, 'score_click_appeal': 4, 'score_cta_effectiveness': 5, 'score_factual_accuracy': 5, 'score_instruction_following': 5, 'critique': '文案简洁有力，行动号召明确，但开头吸引力稍逊。'}","{'score_suitability_brevity': 3, 'score_click_appeal': 5, 'score_cta_effectiveness': 3, 'score_factual_accuracy': 5, 'score_instruction_following': 5, 'critique': '开头极具吸引力，但结构稍显冗长，CTA较弱。'}","{'score_suitability_brevity': 2, 'score_click_appeal': 4, 'score_cta_effectiveness': 4, 'score_factual_accuracy': 5, 'score_instruction_following': 5, 'critique': '内容丰富但过于冗长，不适合快速浏览的信息流广告。'}"
9,social_media_review,A,5.0,4.0,3.0,专业且真实的使用反馈,真实但略显平淡,情感丰富但专业感不足,"{'score_authenticity_immersion': 5, 'score_value_engagement': 5, 'score_brand_fit': 5, 'score_instruction_following': 5, 'critique': '专业且真实的使用反馈'}","{'score_authenticity_immersion': 4, 'score_value_engagement': 4, 'score_brand_fit': 4, 'score_instruction_following': 4, 'critique': '真实但略显平淡'}","{'score_authenticity_immersion': 3, 'score_value_engagement': 3, 'score_brand_fit': 3, 'score_instruction_following': 3, 'critique': '情感丰富但专业感不足'}"
10,social_media_educational,A,4.75,3.75,4.75,专业科普，品牌契合度高,简洁有力，略有广告感,情感真挚，互动潜力强,"{'score_authenticity_immersion': 4, 'score_value_engagement': 5, 'score_brand_fit': 5, 'score_instruction_following': 5, 'critique': '专业科普，品牌契合度高'}","{'score_authenticity_immersion': 3, 'score_value_engagement': 4, 'score_brand_fit': 4, 'score_instruction_following': 4, 'critique': '简洁有力，略有广告感'}","{'score_authenticity_immersion': 5, 'score_value_engagement': 5, 'score_brand_fit': 4, 'score_instruction_following': 5, 'critique': '情感真挚，互动潜力强'}"
11,social_media_myth_busting,A,5.0,4.0,3.0,专业科普，故事真实,科学思路清晰,情感丰富但专业不足,"{'score_authenticity_immersion': 5, 'score_value_engagement': 5, 'score_brand_fit': 5, 'score_instruction_following': 5, 'critique': '专业科普，故事真实'}","{'score_authenticity_immersion': 4, 'score_value_engagement': 4, 'score_brand_fit': 4, 'score_instruction_following': 4, 'critique': '科学思路清晰'}","{'score_authenticity_immersion': 3, 'score_value_engagement': 3, 'score_brand_fit': 3, 'score_instruction_following': 3, 'critique': '情感丰富但专业不足'}"
12,social_media_storytelling,A,5.0,3.25,4.25,真实故事与专业完美融合,中规中矩，缺乏亮点,情感丰富但稍显夸张,"{'score_authenticity_immersion': 5, 'score_value_engagement': 5, 'score_brand_fit': 5, 'score_instruction_following': 5, 'critique': '真实故事与专业完美融合'}","{'score_authenticity_immersion': 3, 'score_value_engagement': 3, 'score_brand_fit': 3, 'score_instruction_following': 4, 'critique': '中规中矩，缺乏亮点'}","{'score_authenticity_immersion': 4, 'score_value_engagement': 4, 'score_brand_fit': 4, 'score_instruction_following': 5, 'critique': '情感丰富但稍显夸张'}"
13,ecommerce_long_form,A,5.0,4.0,3.0,专业性强，逻辑严谨，信任感高,信息清晰，但论证稍显不足,内容全面，但专业性一般,"{'score_professionalism_persuasion': 5, 'score_clarity_value': 5, 'score_trust_building': 5, 'critique': '专业性强，逻辑严谨，信任感高'}","{'score_professionalism_persuasion': 4, 'score_clarity_value': 4, 'score_trust_building': 4, 'critique': '信息清晰，但论证稍显不足'}","{'score_professionalism_persuasion': 3, 'score_clarity_value': 3, 'score_trust_building': 3, 'critique': '内容全面，但专业性一般'}"
14,paid_ad_cta,A,4.8,4.2,4.8,简洁且直接，完美遵循指令，但点击吸引力稍逊。,点击吸引力强，但过于冗长，包含不必要细节。,极具冲击力，完美遵循指令，但稍显冗长。,"{'score_suitability_brevity': 5, 'score_click_appeal': 4, 'score_cta_effectiveness': 5, 'score_factual_accuracy': 5, 'score_instruction_following': 5, 'critique': '简洁且直接，完美遵循指令，但点击吸引力稍逊。'}","{'score_suitability_brevity': 3, 'score_click_appeal': 5, 'score_cta_effectiveness': 4, 'score_factual_accuracy': 5, 'score_instruction_following': 4, 'critique': '点击吸引力强，但过于冗长，包含不必要细节。'}","{'score_suitability_brevity': 4, 'score_click_appeal': 5, 'score_cta_effectiveness': 5, 'score_factual_accuracy': 5, 'score_instruction_following': 5, 'critique': '极具冲击力，完美遵循指令，但稍显冗长。'}"
15,paid_ad_pas,B,4.6,5.0,3.6,文案简洁有力，痛点放大与解决方案结合紧密，CTA明确。,文案极其精炼，痛点放大效果显著，CTA强烈且直接。,文案过于冗长，虽然内容丰富但不符合信息流广告的简洁要求。,"{'score_suitability_brevity': 4, 'score_click_appeal': 4, 'score_cta_effectiveness': 5, 'score_factual_accuracy': 5, 'score_instruction_following': 5, 'critique': '文案简洁有力，痛点放大与解决方案结合紧密，CTA明确。'}","{'score_suitability_brevity': 5, 'score_click_appeal': 5, 'score_cta_effectiveness': 5, 'score_factual_accuracy': 5, 'score_instruction_following': 5, 'critique': '文案极其精炼，痛点放大效果显著，CTA强烈且直接。'}","{'score_suitability_brevity': 2, 'score_click_appeal': 3, 'score_cta_effectiveness': 4, 'score_factual_accuracy': 5, 'score_instruction_following': 4, 'critique': '文案过于冗长，虽然内容丰富但不符合信息流广告的简洁要求。'}"
16,paid_ad_bab,A,4.8,4.2,4.4,简洁有力，直接击中痛点并迅速提供解决方案。,结构清晰但略显冗长，部分内容可进一步精简。,情感共鸣强烈但过于冗长，不适合快速滑动的信息流广告。,"{'score_suitability_brevity': 5, 'score_click_appeal': 4, 'score_cta_effectiveness': 5, 'score_factual_accuracy': 5, 'score_instruction_following': 5, 'critique': '简洁有力，直接击中痛点并迅速提供解决方案。'}","{'score_suitability_brevity': 3, 'score_click_appeal': 4, 'score_cta_effectiveness': 4, 'score_factual_accuracy': 5, 'score_instruction_following': 5, 'critique': '结构清晰但略显冗长，部分内容可进一步精简。'}","{'score_suitability_brevity': 2, 'score_click_appeal': 5, 'score_cta_effectiveness': 5, 'score_factual_accuracy': 5, 'score_instruction_following': 5, 'critique': '情感共鸣强烈但过于冗长，不适合快速滑动的信息流广告。'}"
17,paid_ad_fab,A,4.8,4.0,4.0,文案简洁有力，信息高度压缩，完美适配信息流广告。,开头极具冲击力，但文案稍显冗长，部分信息可进一步精简。,文案内容丰富，但略显冗长，部分信息可进一步压缩以提高简洁性。,"{'score_suitability_brevity': 5, 'score_click_appeal': 4, 'score_cta_effectiveness': 5, 'score_factual_accuracy': 5, 'score_instruction_following': 5, 'critique': '文案简洁有力，信息高度压缩，完美适配信息流广告。'}","{'score_suitability_brevity': 3, 'score_click_appeal': 5, 'score_cta_effectiveness': 3, 'score_factual_accuracy': 5, 'score_instruction_following': 4, 'critique': '开头极具冲击力，但文案稍显冗长，部分信息可进一步精简。'}","{'score_suitability_brevity': 3, 'score_click_appeal': 3, 'score_cta_effectiveness': 4, 'score_factual_accuracy': 5, 'score_instruction_following': 5, 'critique': '文案内容丰富，但略显冗长，部分信息可进一步压缩以提高简洁性。'}"
18,social_media_review,A,4.75,4.75,3.5,专业与真实感并存,故事性强，细节丰富,情感充沛但稍显夸张,"{'score_authenticity_immersion': 4, 'score_value_engagement': 5, 'score_brand_fit': 5, 'score_instruction_following': 5, 'critique': '专业与真实感并存'}","{'score_authenticity_immersion': 5, 'score_value_engagement': 5, 'score_brand_fit': 4, 'score_instruction_following': 5, 'critique': '故事性强，细节丰富'}","{'score_authenticity_immersion': 3, 'score_value_engagement': 4, 'score_brand_fit': 3, 'score_instruction_following': 4, 'critique': '情感充沛但稍显夸张'}"
19,social_media_educational,B,4.75,5.0,3.5,专业科普，信息丰富,故事性强，科学融合,情感丰富，稍显夸张,"{'score_authenticity_immersion': 4, 'score_value_engagement': 5, 'score_brand_fit': 5, 'score_instruction_following': 5, 'critique': '专业科普，信息丰富'}","{'score_authenticity_immersion': 5, 'score_value_engagement': 5, 'score_brand_fit': 5, 'score_instruction_following': 5, 'critique': '故事性强，科学融合'}","{'score_authenticity_immersion': 3, 'score_value_engagement': 4, 'score_brand_fit': 3, 'score_instruction_following': 4, 'critique': '情感丰富，稍显夸张'}"
20,social_media_myth_busting,A,4.75,3.75,4.75,专业科普，品牌契合度高,信息准确但缺乏故事性,故事性强，互动潜力高,"{'score_authenticity_immersion': 4, 'score_value_engagement': 5, 'score_brand_fit': 5, 'score_instruction_following': 5, 'critique': '专业科普，品牌契合度高'}","{'score_authenticity_immersion': 3, 'score_value_engagement': 4, 'score_brand_fit': 4, 'score_instruction_following': 4, 'critique': '信息准确但缺乏故事性'}","{'score_authenticity_immersion': 5, 'score_value_engagement': 5, 'score_brand_fit': 4, 'score_instruction_following': 5, 'critique': '故事性强，互动潜力高'}"
21,social_media_storytelling,A,5.0,4.0,3.0,情感真挚，品牌契合度高,内容中规中矩，略有广告感,过于夸张，品牌契合度低,"{'score_authenticity_immersion': 5, 'score_value_engagement': 5, 'score_brand_fit': 5, 'score_instruction_following': 5, 'critique': '情感真挚，品牌契合度高'}","{'score_authenticity_immersion': 4, 'score_value_engagement': 4, 'score_brand_fit': 4, 'score_instruction_following': 4, 'critique': '内容中规中矩，略有广告感'}","{'score_authenticity_immersion': 3, 'score_value_engagement': 3, 'score_brand_fit': 3, 'score_instruction_following': 3, 'critique': '过于夸张，品牌契合度低'}"
22,ecommerce_long_form,B,4.0,5.0,3.0,专业性强，逻辑清晰,科学严谨，信息全面,情感丰富，专业稍逊,"{'score_professionalism_persuasion': 4, 'score_clarity_value': 4, 'score_trust_building': 4, 'critique': '专业性强，逻辑清晰'}","{'score_professionalism_persuasion': 5, 'score_clarity_value': 5, 'score_trust_building': 5, 'critique': '科学严谨，信息全面'}","{'score_professionalism_persuasion': 3, 'score_clarity_value': 3, 'score_trust_building': 3, 'critique': '情感丰富，专业稍逊'}"
23,paid_ad_cta,C,4.2,4.6,5.0,文案简洁且信息准确，但开头吸引力一般,极具吸引力且CTA明确，但略显冗长,简洁有力，吸引力强且CTA明确,"{'score_suitability_brevity': 4, 'score_click_appeal': 3, 'score_cta_effectiveness': 4, 'score_factual_accuracy': 5, 'score_instruction_following': 5, 'critique': '文案简洁且信息准确，但开头吸引力一般'}","{'score_suitability_brevity': 3, 'score_click_appeal': 5, 'score_cta_effectiveness': 5, 'score_factual_accuracy': 5, 'score_instruction_following': 5, 'critique': '极具吸引力且CTA明确，但略显冗长'}","{'score_suitability_brevity': 5, 'score_click_appeal': 5, 'score_cta_effectiveness': 5, 'score_factual_accuracy': 5, 'score_instruction_following': 5, 'critique': '简洁有力，吸引力强且CTA明确'}"
24,paid_ad_pas,A,4.6,4.4,4.4,简洁有力，直接击中痛点并迅速提供解决方案。,开头极具吸引力，但稍显冗长，部分细节可以更精简。,情感共鸣强烈，但过于冗长，不适合快速滑动的信息流广告。,"{'score_suitability_brevity': 4, 'score_click_appeal': 4, 'score_cta_effectiveness': 5, 'score_factual_accuracy': 5, 'score_instruction_following': 5, 'critique': '简洁有力，直接击中痛点并迅速提供解决方案。'}","{'score_suitability_brevity': 3, 'score_click_appeal': 5, 'score_cta_effectiveness': 4, 'score_factual_accuracy': 5, 'score_instruction_following': 5, 'critique': '开头极具吸引力，但稍显冗长，部分细节可以更精简。'}","{'score_suitability_brevity': 2, 'score_click_appeal': 5, 'score_cta_effectiveness': 5, 'score_factual_accuracy': 5, 'score_instruction_following': 5, 'critique': '情感共鸣强烈，但过于冗长，不适合快速滑动的信息流广告。'}"
25,paid_ad_bab,A,4.8,3.6,3.8,简洁有力，直接击中痛点并明确行动号召。,过于冗长，信息流广告中难以快速吸引注意力。,沉浸式描述虽吸引人，但过于详细，不适合快速浏览。,"{'score_suitability_brevity': 5, 'score_click_appeal': 4, 'score_cta_effectiveness': 5, 'score_factual_accuracy': 5, 'score_instruction_following': 5, 'critique': '简洁有力，直接击中痛点并明确行动号召。'}","{'score_suitability_brevity': 3, 'score_click_appeal': 3, 'score_cta_effectiveness': 3, 'score_factual_accuracy': 5, 'score_instruction_following': 4, 'critique': '过于冗长，信息流广告中难以快速吸引注意力。'}","{'score_suitability_brevity': 2, 'score_click_appeal': 4, 'score_cta_effectiveness': 4, 'score_factual_accuracy': 5, 'score_instruction_following': 4, 'critique': '沉浸式描述虽吸引人，但过于详细，不适合快速浏览。'}"
26,paid_ad_fab,A,4.8,3.6,4.0,文案简洁有力，科学配方的描述精准且吸引人。,文案包含视觉描述，虽吸引人但不适合纯文本广告。,文案内容丰富但过于冗长，不适合快速阅读的信息流广告。,"{'score_suitability_brevity': 5, 'score_click_appeal': 4, 'score_cta_effectiveness': 5, 'score_factual_accuracy': 5, 'score_instruction_following': 5, 'critique': '文案简洁有力，科学配方的描述精准且吸引人。'}","{'score_suitability_brevity': 3, 'score_click_appeal': 3, 'score_cta_effectiveness': 3, 'score_factual_accuracy': 5, 'score_instruction_following': 4, 'critique': '文案包含视觉描述，虽吸引人但不适合纯文本广告。'}","{'score_suitability_brevity': 2, 'score_click_appeal': 4, 'score_cta_effectiveness': 4, 'score_factual_accuracy': 5, 'score_instruction_following': 5, 'critique': '文案内容丰富但过于冗长，不适合快速阅读的信息流广告。'}"
27,social_media_review,A,5.0,4.25,3.25,专业与真实完美结合,实用但稍显平淡,情感充沛但专业性不足,"{'score_authenticity_immersion': 5, 'score_value_engagement': 5, 'score_brand_fit': 5, 'score_instruction_following': 5, 'critique': '专业与真实完美结合'}","{'score_authenticity_immersion': 4, 'score_value_engagement': 4, 'score_brand_fit': 4, 'score_instruction_following': 5, 'critique': '实用但稍显平淡'}","{'score_authenticity_immersion': 3, 'score_value_engagement': 3, 'score_brand_fit': 3, 'score_instruction_following': 4, 'critique': '情感充沛但专业性不足'}"
28,social_media_educational,A,4.75,3.75,4.25,专业科普，品牌契合度高,科学解释清晰，但故事性稍弱,故事性强，但品牌专业感不足,"{'score_authenticity_immersion': 4, 'score_value_engagement': 5, 'score_brand_fit': 5, 'score_instruction_following': 5, 'critique': '专业科普，品牌契合度高'}","{'score_authenticity_immersion': 3, 'score_value_engagement': 4, 'score_brand_fit': 4, 'score_instruction_following': 4, 'critique': '科学解释清晰，但故事性稍弱'}","{'score_authenticity_immersion': 5, 'score_value_engagement': 5, 'score_brand_fit': 3, 'score_instruction_following': 4, 'critique': '故事性强，但品牌专业感不足'}"
29,social_media_myth_busting,A,4.75,4.75,3.5,专业科普，品牌契合度高,故事性强，互动潜力大,情感化表达，品牌契合稍弱,"{'score_authenticity_immersion': 4, 'score_value_engagement': 5, 'score_brand_fit': 5, 'score_instruction_following': 5, 'critique': '专业科普，品牌契合度高'}","{'score_authenticity_immersion': 5, 'score_value_engagement': 5, 'score_brand_fit': 4, 'score_instruction_following': 5, 'critique': '故事性强，互动潜力大'}","{'score_authenticity_immersion': 3, 'score_value_engagement': 4, 'score_brand_fit': 3, 'score_instruction_following': 4, 'critique': '情感化表达，品牌契合稍弱'}"
30,social_media_storytelling,A,5.0,4.0,3.0,真实感强，品牌契合度高,信息丰富，但稍显广告感,情感充沛，但专业感不足,"{'score_authenticity_immersion': 5, 'score_value_engagement': 5, 'score_brand_fit': 5, 'score_instruction_following': 5, 'critique': '真实感强，品牌契合度高'}","{'score_authenticity_immersion': 4, 'score_value_engagement': 4, 'score_brand_fit': 4, 'score_instruction_following': 4, 'critique': '信息丰富，但稍显广告感'}","{'score_authenticity_immersion': 3, 'score_value_engagement': 3, 'score_brand_fit': 3, 'score_instruction_following': 3, 'critique': '情感充沛，但专业感不足'}"
31,ecommerce_long_form,A,5.0,4.0,3.0,专业严谨，说服力强,专业但稍显平淡,信息完整但结构松散,"{'score_professionalism_persuasion': 5, 'score_clarity_value': 5, 'score_trust_building': 5, 'critique': '专业严谨，说服力强'}","{'score_professionalism_persuasion': 4, 'score_clarity_value': 4, 'score_trust_building': 4, 'critique': '专业但稍显平淡'}","{'score_professionalism_persuasion': 3, 'score_clarity_value': 3, 'score_trust_building': 3, 'critique': '信息完整但结构松散'}"
32,paid_ad_cta,B,4.6,4.8,3.4,简洁性极佳，信息高度压缩，完美适配信息流广告,极具冲击力的开头，能迅速激发好奇心,过于冗长，包含了大段不必要的细节,"{'score_suitability_brevity': 5, 'score_click_appeal': 4, 'score_cta_effectiveness': 4, 'score_factual_accuracy': 5, 'score_instruction_following': 5, 'critique': '简洁性极佳，信息高度压缩，完美适配信息流广告'}","{'score_suitability_brevity': 4, 'score_click_appeal': 5, 'score_cta_effectiveness': 5, 'score_factual_accuracy': 5, 'score_instruction_following': 5, 'critique': '极具冲击力的开头，能迅速激发好奇心'}","{'score_suitability_brevity': 2, 'score_click_appeal': 3, 'score_cta_effectiveness': 3, 'score_factual_accuracy': 5, 'score_instruction_following': 4, 'critique': '过于冗长，包含了大段不必要的细节'}"
33,paid_ad_pas,A,4.8,4.6,4.6,简洁性极佳，信息高度压缩，完美适配信息流的阅读场景。,极具冲击力，能迅速激发好奇心或击中痛点。,极具冲击力，但略有啰嗦，核心信息尚算清晰。,"{'score_suitability_brevity': 5, 'score_click_appeal': 4, 'score_cta_effectiveness': 5, 'score_factual_accuracy': 5, 'score_instruction_following': 5, 'critique': '简洁性极佳，信息高度压缩，完美适配信息流的阅读场景。'}","{'score_suitability_brevity': 4, 'score_click_appeal': 5, 'score_cta_effectiveness': 4, 'score_factual_accuracy': 5, 'score_instruction_following': 5, 'critique': '极具冲击力，能迅速激发好奇心或击中痛点。'}","{'score_suitability_brevity': 3, 'score_click_appeal': 5, 'score_cta_effectiveness': 5, 'score_factual_accuracy': 5, 'score_instruction_following': 5, 'critique': '极具冲击力，但略有啰嗦，核心信息尚算清晰。'}"
34,paid_ad_bab,A,4.8,3.6,3.6,简洁有力，直接击中敏感肌痛点，CTA明确。,结构清晰但略显冗长，信息流场景下可能不够吸引。,情感共鸣强但过于冗长，不适合快速滑动的信息流广告。,"{'score_suitability_brevity': 5, 'score_click_appeal': 4, 'score_cta_effectiveness': 5, 'score_factual_accuracy': 5, 'score_instruction_following': 5, 'critique': '简洁有力，直接击中敏感肌痛点，CTA明确。'}","{'score_suitability_brevity': 3, 'score_click_appeal': 3, 'score_cta_effectiveness': 3, 'score_factual_accuracy': 5, 'score_instruction_following': 4, 'critique': '结构清晰但略显冗长，信息流场景下可能不够吸引。'}","{'score_suitability_brevity': 2, 'score_click_appeal': 4, 'score_cta_effectiveness': 4, 'score_factual_accuracy': 5, 'score_instruction_following': 3, 'critique': '情感共鸣强但过于冗长，不适合快速滑动的信息流广告。'}"
35,paid_ad_fab,B,4.2,5.0,4.2,文案简洁且信息准确，但开头缺乏足够的吸引力。,文案简洁有力，开头极具吸引力，CTA明确且有效。,文案内容丰富但略显冗长，开头吸引力尚可但不够突出。,"{'score_suitability_brevity': 4, 'score_click_appeal': 3, 'score_cta_effectiveness': 4, 'score_factual_accuracy': 5, 'score_instruction_following': 5, 'critique': '文案简洁且信息准确，但开头缺乏足够的吸引力。'}","{'score_suitability_brevity': 5, 'score_click_appeal': 5, 'score_cta_effectiveness': 5, 'score_factual_accuracy': 5, 'score_instruction_following': 5, 'critique': '文案简洁有力，开头极具吸引力，CTA明确且有效。'}","{'score_suitability_brevity': 3, 'score_click_appeal': 4, 'score_cta_effectiveness': 4, 'score_factual_accuracy': 5, 'score_instruction_following': 5, 'critique': '文案内容丰富但略显冗长，开头吸引力尚可但不够突出。'}"
36,social_media_review,A,5.0,4.25,3.25,专业且真实的使用反馈,真实但稍显平淡,情感丰富但专业性不足,"{'score_authenticity_immersion': 5, 'score_value_engagement': 5, 'score_brand_fit': 5, 'score_instruction_following': 5, 'critique': '专业且真实的使用反馈'}","{'score_authenticity_immersion': 4, 'score_value_engagement': 4, 'score_brand_fit': 4, 'score_instruction_following': 5, 'critique': '真实但稍显平淡'}","{'score_authenticity_immersion': 3, 'score_value_engagement': 3, 'score_brand_fit': 3, 'score_instruction_following': 4, 'critique': '情感丰富但专业性不足'}"
37,social_media_educational,C,4.75,3.75,5.0,专业科普，信息丰富,科普与产品结合较好,情感与专业完美融合,"{'score_authenticity_immersion': 4, 'score_value_engagement': 5, 'score_brand_fit': 5, 'score_instruction_following': 5, 'critique': '专业科普，信息丰富'}","{'score_authenticity_immersion': 3, 'score_value_engagement': 4, 'score_brand_fit': 4, 'score_instruction_following': 4, 'critique': '科普与产品结合较好'}","{'score_authenticity_immersion': 5, 'score_value_engagement': 5, 'score_brand_fit': 5, 'score_instruction_following': 5, 'critique': '情感与专业完美融合'}"
38,social_media_myth_busting,A,5.0,3.25,4.25,专业科普，破除误区,个人体验分享，稍显普通,互动性强，信息清晰,"{'score_authenticity_immersion': 5, 'score_value_engagement': 5, 'score_brand_fit': 5, 'score_instruction_following': 5, 'critique': '专业科普，破除误区'}","{'score_authenticity_immersion': 3, 'score_value_engagement': 3, 'score_brand_fit': 3, 'score_instruction_following': 4, 'critique': '个人体验分享，稍显普通'}","{'score_authenticity_immersion': 4, 'score_value_engagement': 4, 'score_brand_fit': 4, 'score_instruction_following': 5, 'critique': '互动性强，信息清晰'}"
39,social_media_storytelling,A,5.0,4.0,3.0,真实故事与专业完美融合,故事完整但稍显广告感,内容活泼但专业感不足,"{'score_authenticity_immersion': 5, 'score_value_engagement': 5, 'score_brand_fit': 5, 'score_instruction_following': 5, 'critique': '真实故事与专业完美融合'}","{'score_authenticity_immersion': 4, 'score_value_engagement': 4, 'score_brand_fit': 4, 'score_instruction_following': 4, 'critique': '故事完整但稍显广告感'}","{'score_authenticity_immersion': 3, 'score_value_engagement': 3, 'score_brand_fit': 3, 'score_instruction_following': 3, 'critique': '内容活泼但专业感不足'}"
40,ecommerce_long_form,A,5.0,4.0,3.0,专业性强，逻辑严谨,信息完整，但略显平淡,通俗易懂，但专业性不足,"{'score_professionalism_persuasion': 5, 'score_clarity_value': 5, 'score_trust_building': 5, 'critique': '专业性强，逻辑严谨'}","{'score_professionalism_persuasion': 4, 'score_clarity_value': 4, 'score_trust_building': 4, 'critique': '信息完整，但略显平淡'}","{'score_professionalism_persuasion': 3, 'score_clarity_value': 3, 'score_trust_building': 3, 'critique': '通俗易懂，但专业性不足'}"
41,paid_ad_cta,B,4.4,4.8,3.8,钩子部分成功击中敏感肌用户的痛点，但CTA略显常规。,警告符号和核心卖点前置极具冲击力，但CTA缺乏紧迫感。,信息过载且分段冗长，完全违背信息流广告的阅读场景。,"{'score_suitability_brevity': 4, 'score_click_appeal': 4, 'score_cta_effectiveness': 4, 'score_factual_accuracy': 5, 'score_instruction_following': 5, 'critique': '钩子部分成功击中敏感肌用户的痛点，但CTA略显常规。'}","{'score_suitability_brevity': 5, 'score_click_appeal': 5, 'score_cta_effectiveness': 4, 'score_factual_accuracy': 5, 'score_instruction_following': 5, 'critique': '警告符号和核心卖点前置极具冲击力，但CTA缺乏紧迫感。'}","{'score_suitability_brevity': 2, 'score_click_appeal': 3, 'score_cta_effectiveness': 5, 'score_factual_accuracy': 5, 'score_instruction_following': 4, 'critique': '信息过载且分段冗长，完全违背信息流广告的阅读场景。'}"
42,paid_ad_pas,B,4.4,5.0,4.0,文案简洁有力，痛点放大解决结构清晰，但CTA略显常规。,文案极其精炼，痛点放大解决结构完美，CTA明确且有吸引力。,文案过于冗长，不符合信息流广告的简洁要求，尽管内容丰富。,"{'score_suitability_brevity': 4, 'score_click_appeal': 4, 'score_cta_effectiveness': 4, 'score_factual_accuracy': 5, 'score_instruction_following': 5, 'critique': '文案简洁有力，痛点放大解决结构清晰，但CTA略显常规。'}","{'score_suitability_brevity': 5, 'score_click_appeal': 5, 'score_cta_effectiveness': 5, 'score_factual_accuracy': 5, 'score_instruction_following': 5, 'critique': '文案极其精炼，痛点放大解决结构完美，CTA明确且有吸引力。'}","{'score_suitability_brevity': 2, 'score_click_appeal': 4, 'score_cta_effectiveness': 4, 'score_factual_accuracy': 5, 'score_instruction_following': 5, 'critique': '文案过于冗长，不符合信息流广告的简洁要求，尽管内容丰富。'}"
43,paid_ad_bab,A,4.8,4.0,3.2,简洁有力，直接击中敏感肌用户的痛点，行动号召明确。,结构完整但略显冗长，开头吸引力不足。,过于冗长，不符合信息流广告的短平快要求。,"{'score_suitability_brevity': 5, 'score_click_appeal': 4, 'score_cta_effectiveness': 5, 'score_factual_accuracy': 5, 'score_instruction_following': 5, 'critique': '简洁有力，直接击中敏感肌用户的痛点，行动号召明确。'}","{'score_suitability_brevity': 3, 'score_click_appeal': 3, 'score_cta_effectiveness': 4, 'score_factual_accuracy': 5, 'score_instruction_following': 5, 'critique': '结构完整但略显冗长，开头吸引力不足。'}","{'score_suitability_brevity': 1, 'score_click_appeal': 2, 'score_cta_effectiveness': 3, 'score_factual_accuracy': 5, 'score_instruction_following': 5, 'critique': '过于冗长，不符合信息流广告的短平快要求。'}"
44,paid_ad_fab,C,4.6,3.8,4.8,文案简洁有力，CTA明确且吸引人。,信息全面但略显冗长，缺乏强烈的点击吸引力。,文案极其简洁且极具吸引力，完美符合信息流广告要求。,"{'score_suitability_brevity': 4, 'score_click_appeal': 4, 'score_cta_effectiveness': 5, 'score_factual_accuracy': 5, 'score_instruction_following': 5, 'critique': '文案简洁有力，CTA明确且吸引人。'}","{'score_suitability_brevity': 3, 'score_click_appeal': 3, 'score_cta_effectiveness': 3, 'score_factual_accuracy': 5, 'score_instruction_following': 5, 'critique': '信息全面但略显冗长，缺乏强烈的点击吸引力。'}","{'score_suitability_brevity': 5, 'score_click_appeal': 5, 'score_cta_effectiveness': 4, 'score_factual_accuracy': 5, 'score_instruction_following': 5, 'critique': '文案极其简洁且极具吸引力，完美符合信息流广告要求。'}"
45,social_media_review,A,4.5,3.5,2.5,专业且真实的使用反馈,情感丰富但稍显夸张,过于夸张，偏离品牌调性,"{'score_authenticity_immersion': 4, 'score_value_engagement': 4, 'score_brand_fit': 5, 'score_instruction_following': 5, 'critique': '专业且真实的使用反馈'}","{'score_authenticity_immersion': 3, 'score_value_engagement': 3, 'score_brand_fit': 4, 'score_instruction_following': 4, 'critique': '情感丰富但稍显夸张'}","{'score_authenticity_immersion': 2, 'score_value_engagement': 2, 'score_brand_fit': 3, 'score_instruction_following': 3, 'critique': '过于夸张，偏离品牌调性'}"
46,social_media_educational,A,5.0,4.5,3.5,专业科普与情感共鸣完美结合,科学严谨但故事性稍弱,情感充沛但专业深度不足,"{'score_authenticity_immersion': 5, 'score_value_engagement': 5, 'score_brand_fit': 5, 'score_instruction_following': 5, 'critique': '专业科普与情感共鸣完美结合'}","{'score_authenticity_immersion': 4, 'score_value_engagement': 4, 'score_brand_fit': 5, 'score_instruction_following': 5, 'critique': '科学严谨但故事性稍弱'}","{'score_authenticity_immersion': 3, 'score_value_engagement': 3, 'score_brand_fit': 4, 'score_instruction_following': 4, 'critique': '情感充沛但专业深度不足'}"
47,social_media_myth_busting,A,5.0,4.0,3.25,专业科普与品牌理念完美融合,真实感强但专业深度稍逊,互动形式新颖但内容较浅,"{'score_authenticity_immersion': 5, 'score_value_engagement': 5, 'score_brand_fit': 5, 'score_instruction_following': 5, 'critique': '专业科普与品牌理念完美融合'}","{'score_authenticity_immersion': 4, 'score_value_engagement': 4, 'score_brand_fit': 4, 'score_instruction_following': 4, 'critique': '真实感强但专业深度稍逊'}","{'score_authenticity_immersion': 3, 'score_value_engagement': 3, 'score_brand_fit': 3, 'score_instruction_following': 4, 'critique': '互动形式新颖但内容较浅'}"
48,social_media_storytelling,A,5.0,4.25,3.25,真实故事与品牌理念完美融合,专业视角但情感稍显不足,情感丰富但专业感稍弱,"{'score_authenticity_immersion': 5, 'score_value_engagement': 5, 'score_brand_fit': 5, 'score_instruction_following': 5, 'critique': '真实故事与品牌理念完美融合'}","{'score_authenticity_immersion': 4, 'score_value_engagement': 4, 'score_brand_fit': 4, 'score_instruction_following': 5, 'critique': '专业视角但情感稍显不足'}","{'score_authenticity_immersion': 3, 'score_value_engagement': 3, 'score_brand_fit': 3, 'score_instruction_following': 4, 'critique': '情感丰富但专业感稍弱'}"
49,ecommerce_long_form,A,5.0,4.0,3.0,专业权威，逻辑严谨,结构清晰，信息全面,内容完整，略显平淡,"{'score_professionalism_persuasion': 5, 'score_clarity_value': 5, 'score_trust_building': 5, 'critique': '专业权威，逻辑严谨'}","{'score_professionalism_persuasion': 4, 'score_clarity_value': 4, 'score_trust_building': 4, 'critique': '结构清晰，信息全面'}","{'score_professionalism_persuasion': 3, 'score_clarity_value': 3, 'score_trust_building': 3, 'critique': '内容完整，略显平淡'}"
50,paid_ad_cta,A,4.8,4.6,3.6,简洁性极佳，信息高度压缩，完美适配信息流广告,极具冲击力的开头，能迅速激发好奇心,过于冗长，包含了大段不必要的细节，不适合付费广告,"{'score_suitability_brevity': 5, 'score_click_appeal': 4, 'score_cta_effectiveness': 5, 'score_factual_accuracy': 5, 'score_instruction_following': 5, 'critique': '简洁性极佳，信息高度压缩，完美适配信息流广告'}","{'score_suitability_brevity': 4, 'score_click_appeal': 5, 'score_cta_effectiveness': 4, 'score_factual_accuracy': 5, 'score_instruction_following': 5, 'critique': '极具冲击力的开头，能迅速激发好奇心'}","{'score_suitability_brevity': 2, 'score_click_appeal': 3, 'score_cta_effectiveness': 4, 'score_factual_accuracy': 5, 'score_instruction_following': 4, 'critique': '过于冗长，包含了大段不必要的细节，不适合付费广告'}"
51,paid_ad_pas,A,4.8,4.6,4.6,简洁有力，直接击中敏感肌痛点，CTA明确。,极具吸引力，但CTA稍弱，部分信息可更精简。,痛点放大到位，但篇幅过长，不适合快速滑动场景。,"{'score_suitability_brevity': 5, 'score_click_appeal': 4, 'score_cta_effectiveness': 5, 'score_factual_accuracy': 5, 'score_instruction_following': 5, 'critique': '简洁有力，直接击中敏感肌痛点，CTA明确。'}","{'score_suitability_brevity': 4, 'score_click_appeal': 5, 'score_cta_effectiveness': 4, 'score_factual_accuracy': 5, 'score_instruction_following': 5, 'critique': '极具吸引力，但CTA稍弱，部分信息可更精简。'}","{'score_suitability_brevity': 3, 'score_click_appeal': 5, 'score_cta_effectiveness': 5, 'score_factual_accuracy': 5, 'score_instruction_following': 5, 'critique': '痛点放大到位，但篇幅过长，不适合快速滑动场景。'}"
52,paid_ad_bab,A,4.8,4.0,4.0,简洁有力，直接击中敏感肌痛点，CTA明确。,结构完整但略显冗长，开头吸引力不足。,情感共鸣强但过于冗长，不适合快速滑动场景。,"{'score_suitability_brevity': 5, 'score_click_appeal': 4, 'score_cta_effectiveness': 5, 'score_factual_accuracy': 5, 'score_instruction_following': 5, 'critique': '简洁有力，直接击中敏感肌痛点，CTA明确。'}","{'score_suitability_brevity': 3, 'score_click_appeal': 3, 'score_cta_effectiveness': 4, 'score_factual_accuracy': 5, 'score_instruction_following': 5, 'critique': '结构完整但略显冗长，开头吸引力不足。'}","{'score_suitability_brevity': 2, 'score_click_appeal': 4, 'score_cta_effectiveness': 4, 'score_factual_accuracy': 5, 'score_instruction_following': 5, 'critique': '情感共鸣强但过于冗长，不适合快速滑动场景。'}"
53,paid_ad_fab,A,4.8,3.8,3.2,简洁有力，信息高度压缩，完美适配信息流的阅读场景。,信息清晰但略显冗长，开头吸引力一般。,灾难性的冗长，包含了大段的、不必要的细节，完全不适合作为付费广告。,"{'score_suitability_brevity': 5, 'score_click_appeal': 4, 'score_cta_effectiveness': 5, 'score_factual_accuracy': 5, 'score_instruction_following': 5, 'critique': '简洁有力，信息高度压缩，完美适配信息流的阅读场景。'}","{'score_suitability_brevity': 3, 'score_click_appeal': 3, 'score_cta_effectiveness': 3, 'score_factual_accuracy': 5, 'score_instruction_following': 5, 'critique': '信息清晰但略显冗长，开头吸引力一般。'}","{'score_suitability_brevity': 1, 'score_click_appeal': 2, 'score_cta_effectiveness': 3, 'score_factual_accuracy': 5, 'score_instruction_following': 5, 'critique': '灾难性的冗长，包含了大段的、不必要的细节，完全不适合作为付费广告。'}"
54,social_media_review,A,5.0,4.25,3.25,真实感强，品牌契合度高,信息全面，互动潜力佳,情感真挚，但专业性稍弱,"{'score_authenticity_immersion': 5, 'score_value_engagement': 5, 'score_brand_fit': 5, 'score_instruction_following': 5, 'critique': '真实感强，品牌契合度高'}","{'score_authenticity_immersion': 4, 'score_value_engagement': 4, 'score_brand_fit': 4, 'score_instruction_following': 5, 'critique': '信息全面，互动潜力佳'}","{'score_authenticity_immersion': 3, 'score_value_engagement': 3, 'score_brand_fit': 3, 'score_instruction_following': 4, 'critique': '情感真挚，但专业性稍弱'}"
55,social_media_educational,A,5.0,4.25,3.25,专业科普，故事性强,简洁有力，互动性强,情感化表达，稍显夸张,"{'score_authenticity_immersion': 5, 'score_value_engagement': 5, 'score_brand_fit': 5, 'score_instruction_following': 5, 'critique': '专业科普，故事性强'}","{'score_authenticity_immersion': 4, 'score_value_engagement': 4, 'score_brand_fit': 4, 'score_instruction_following': 5, 'critique': '简洁有力，互动性强'}","{'score_authenticity_immersion': 3, 'score_value_engagement': 3, 'score_brand_fit': 3, 'score_instruction_following': 4, 'critique': '情感化表达，稍显夸张'}"
56,social_media_myth_busting,C,4.75,3.75,5.0,专业科普，品牌契合度高,情感真挚，但专业感稍弱,故事与专业完美结合,"{'score_authenticity_immersion': 4, 'score_value_engagement': 5, 'score_brand_fit': 5, 'score_instruction_following': 5, 'critique': '专业科普，品牌契合度高'}","{'score_authenticity_immersion': 3, 'score_value_engagement': 4, 'score_brand_fit': 4, 'score_instruction_following': 4, 'critique': '情感真挚，但专业感稍弱'}","{'score_authenticity_immersion': 5, 'score_value_engagement': 5, 'score_brand_fit': 5, 'score_instruction_following': 5, 'critique': '故事与专业完美结合'}"
57,social_media_storytelling,A,5.0,3.5,3.75,真实感人设，完美契合品牌,信息实用但故事性较弱,情感丰富但稍显夸张,"{'score_authenticity_immersion': 5, 'score_value_engagement': 5, 'score_brand_fit': 5, 'score_instruction_following': 5, 'critique': '真实感人设，完美契合品牌'}","{'score_authenticity_immersion': 3, 'score_value_engagement': 3, 'score_brand_fit': 4, 'score_instruction_following': 4, 'critique': '信息实用但故事性较弱'}","{'score_authenticity_immersion': 4, 'score_value_engagement': 4, 'score_brand_fit': 3, 'score_instruction_following': 4, 'critique': '情感丰富但稍显夸张'}"
58,ecommerce_long_form,B,3.6666666666666665,5.0,3.3333333333333335,专业性强，但信任感稍弱,全面专业，信任感强,情感化，但专业性一般,"{'score_professionalism_persuasion': 4, 'score_clarity_value': 4, 'score_trust_building': 3, 'critique': '专业性强，但信任感稍弱'}","{'score_professionalism_persuasion': 5, 'score_clarity_value': 5, 'score_trust_building': 5, 'critique': '全面专业，信任感强'}","{'score_professionalism_persuasion': 3, 'score_clarity_value': 3, 'score_trust_building': 4, 'critique': '情感化，但专业性一般'}"
59,paid_ad_cta,A,4.6,4.6,4.6,简洁性极佳，信息高度压缩，完美适配信息流的阅读场景。,极具冲击力，能迅速激发好奇心或击中痛点，让我不点就难受。,行动号召明确、有说服力，并与文案内容紧密结合，让我有点击的欲望。,"{'score_suitability_brevity': 5, 'score_click_appeal': 4, 'score_cta_effectiveness': 4, 'score_factual_accuracy': 5, 'score_instruction_following': 5, 'critique': '简洁性极佳，信息高度压缩，完美适配信息流的阅读场景。'}","{'score_suitability_brevity': 3, 'score_click_appeal': 5, 'score_cta_effectiveness': 5, 'score_factual_accuracy': 5, 'score_instruction_following': 5, 'critique': '极具冲击力，能迅速激发好奇心或击中痛点，让我不点就难受。'}","{'score_suitability_brevity': 3, 'score_click_appeal': 5, 'score_cta_effectiveness': 5, 'score_factual_accuracy': 5, 'score_instruction_following': 5, 'critique': '行动号召明确、有说服力，并与文案内容紧密结合，让我有点击的欲望。'}"
60,paid_ad_pas,A,4.4,4.4,4.4,简洁有力，痛点放大和解决部分衔接自然。,开头极具冲击力，但略显冗长。,情感渲染强烈，但过于冗长不适合快速滑动场景。,"{'score_suitability_brevity': 4, 'score_click_appeal': 4, 'score_cta_effectiveness': 4, 'score_factual_accuracy': 5, 'score_instruction_following': 5, 'critique': '简洁有力，痛点放大和解决部分衔接自然。'}","{'score_suitability_brevity': 3, 'score_click_appeal': 5, 'score_cta_effectiveness': 4, 'score_factual_accuracy': 5, 'score_instruction_following': 5, 'critique': '开头极具冲击力，但略显冗长。'}","{'score_suitability_brevity': 2, 'score_click_appeal': 5, 'score_cta_effectiveness': 5, 'score_factual_accuracy': 5, 'score_instruction_following': 5, 'critique': '情感渲染强烈，但过于冗长不适合快速滑动场景。'}"
61,paid_ad_bab,A,4.8,3.8,4.2,简洁有力，直接击中敏感肌痛点，CTA明确。,结构清晰但略显冗长，吸引力中等。,极具吸引力但过于冗长，不适合快速滑动场景。,"{'score_suitability_brevity': 5, 'score_click_appeal': 4, 'score_cta_effectiveness': 5, 'score_factual_accuracy': 5, 'score_instruction_following': 5, 'critique': '简洁有力，直接击中敏感肌痛点，CTA明确。'}","{'score_suitability_brevity': 3, 'score_click_appeal': 3, 'score_cta_effectiveness': 3, 'score_factual_accuracy': 5, 'score_instruction_following': 5, 'critique': '结构清晰但略显冗长，吸引力中等。'}","{'score_suitability_brevity': 2, 'score_click_appeal': 5, 'score_cta_effectiveness': 4, 'score_factual_accuracy': 5, 'score_instruction_following': 5, 'critique': '极具吸引力但过于冗长，不适合快速滑动场景。'}"
62,paid_ad_fab,A,4.6,3.6,3.8,文案简洁有力，CTA明确且与内容紧密结合。,文案结构清晰，但CTA较弱且略显模板化。,文案内容丰富，但过于冗长，不适合快速阅读场景。,"{'score_suitability_brevity': 4, 'score_click_appeal': 4, 'score_cta_effectiveness': 5, 'score_factual_accuracy': 5, 'score_instruction_following': 5, 'critique': '文案简洁有力，CTA明确且与内容紧密结合。'}","{'score_suitability_brevity': 3, 'score_click_appeal': 3, 'score_cta_effectiveness': 3, 'score_factual_accuracy': 5, 'score_instruction_following': 4, 'critique': '文案结构清晰，但CTA较弱且略显模板化。'}","{'score_suitability_brevity': 2, 'score_click_appeal': 4, 'score_cta_effectiveness': 4, 'score_factual_accuracy': 5, 'score_instruction_following': 4, 'critique': '文案内容丰富，但过于冗长，不适合快速阅读场景。'}"
63,social_media_review,A,5.0,4.25,3.25,专业与真实完美结合,真实感强但专业稍弱,情感充沛但专业不足,"{'score_authenticity_immersion': 5, 'score_value_engagement': 5, 'score_brand_fit': 5, 'score_instruction_following': 5, 'critique': '专业与真实完美结合'}","{'score_authenticity_immersion': 4, 'score_value_engagement': 4, 'score_brand_fit': 4, 'score_instruction_following': 5, 'critique': '真实感强但专业稍弱'}","{'score_authenticity_immersion': 3, 'score_value_engagement': 3, 'score_brand_fit': 3, 'score_instruction_following': 4, 'critique': '情感充沛但专业不足'}"
64,social_media_educational,A,5.0,4.5,3.5,专业科普，故事性强,科学性强，稍显生硬,通俗易懂，缺乏深度,"{'score_authenticity_immersion': 5, 'score_value_engagement': 5, 'score_brand_fit': 5, 'score_instruction_following': 5, 'critique': '专业科普，故事性强'}","{'score_authenticity_immersion': 4, 'score_value_engagement': 4, 'score_brand_fit': 5, 'score_instruction_following': 5, 'critique': '科学性强，稍显生硬'}","{'score_authenticity_immersion': 3, 'score_value_engagement': 3, 'score_brand_fit': 4, 'score_instruction_following': 4, 'critique': '通俗易懂，缺乏深度'}"
65,social_media_storytelling,A,5.0,4.0,3.0,真实故事与专业完美融合,故事性稍弱但专业性强,内容活泼但专业感不足,"{'score_authenticity_immersion': 5, 'score_value_engagement': 5, 'score_brand_fit': 5, 'score_instruction_following': 5, 'critique': '真实故事与专业完美融合'}","{'score_authenticity_immersion': 4, 'score_value_engagement': 4, 'score_brand_fit': 4, 'score_instruction_following': 4, 'critique': '故事性稍弱但专业性强'}","{'score_authenticity_immersion': 3, 'score_value_engagement': 3, 'score_brand_fit': 3, 'score_instruction_following': 3, 'critique': '内容活泼但专业感不足'}"
66,ecommerce_long_form,A,5.0,4.0,3.0,专业性强，逻辑清晰，信任感高,信息清晰，但论证稍显不足,内容全面，但略显营销化,"{'score_professionalism_persuasion': 5, 'score_clarity_value': 5, 'score_trust_building': 5, 'critique': '专业性强，逻辑清晰，信任感高'}","{'score_professionalism_persuasion': 4, 'score_clarity_value': 4, 'score_trust_building': 4, 'critique': '信息清晰，但论证稍显不足'}","{'score_professionalism_persuasion': 3, 'score_clarity_value': 3, 'score_trust_building': 3, 'critique': '内容全面，但略显营销化'}"
67,paid_ad_cta,B,4.6,4.8,4.6,简洁性极佳，信息高度压缩，完美适配信息流的阅读场景。,钩子极具冲击力，能迅速激发好奇心或击中痛点，让我不点就难受。,钩子极具冲击力，但文案略显冗长，包含了大段的、不必要的细节。,"{'score_suitability_brevity': 5, 'score_click_appeal': 4, 'score_cta_effectiveness': 4, 'score_factual_accuracy': 5, 'score_instruction_following': 5, 'critique': '简洁性极佳，信息高度压缩，完美适配信息流的阅读场景。'}","{'score_suitability_brevity': 4, 'score_click_appeal': 5, 'score_cta_effectiveness': 5, 'score_factual_accuracy': 5, 'score_instruction_following': 5, 'critique': '钩子极具冲击力，能迅速激发好奇心或击中痛点，让我不点就难受。'}","{'score_suitability_brevity': 3, 'score_click_appeal': 5, 'score_cta_effectiveness': 5, 'score_factual_accuracy': 5, 'score_instruction_following': 5, 'critique': '钩子极具冲击力，但文案略显冗长，包含了大段的、不必要的细节。'}"
68,paid_ad_pas,C,4.2,4.2,4.4,简洁性较好，但开头缺乏足够的吸引力,开头吸引力较强，但整体略显冗长,极具吸引力，但过于冗长，不符合简洁性要求,"{'score_suitability_brevity': 4, 'score_click_appeal': 3, 'score_cta_effectiveness': 4, 'score_factual_accuracy': 5, 'score_instruction_following': 5, 'critique': '简洁性较好，但开头缺乏足够的吸引力'}","{'score_suitability_brevity': 3, 'score_click_appeal': 4, 'score_cta_effectiveness': 4, 'score_factual_accuracy': 5, 'score_instruction_following': 5, 'critique': '开头吸引力较强，但整体略显冗长'}","{'score_suitability_brevity': 2, 'score_click_appeal': 5, 'score_cta_effectiveness': 5, 'score_factual_accuracy': 5, 'score_instruction_following': 5, 'critique': '极具吸引力，但过于冗长，不符合简洁性要求'}"
69,paid_ad_bab,A,4.8,3.2,4.6,简洁有力，直接击中痛点并明确解决方案。,过于冗长，包含大量不必要的细节，不适合快速阅读的信息流广告。,极具吸引力，但部分描述略显冗长，影响简洁性。,"{'score_suitability_brevity': 5, 'score_click_appeal': 4, 'score_cta_effectiveness': 5, 'score_factual_accuracy': 5, 'score_instruction_following': 5, 'critique': '简洁有力，直接击中痛点并明确解决方案。'}","{'score_suitability_brevity': 1, 'score_click_appeal': 3, 'score_cta_effectiveness': 4, 'score_factual_accuracy': 5, 'score_instruction_following': 3, 'critique': '过于冗长，包含大量不必要的细节，不适合快速阅读的信息流广告。'}","{'score_suitability_brevity': 3, 'score_click_appeal': 5, 'score_cta_effectiveness': 5, 'score_factual_accuracy': 5, 'score_instruction_following': 5, 'critique': '极具吸引力，但部分描述略显冗长，影响简洁性。'}"
70,paid_ad_fab,B,4.2,4.6,4.2,文案简洁且信息准确，但开头缺乏足够的吸引力。,极具吸引力且CTA明确，但略显冗长。,内容丰富但过于冗长，不适合快速浏览。,"{'score_suitability_brevity': 4, 'score_click_appeal': 3, 'score_cta_effectiveness': 4, 'score_factual_accuracy': 5, 'score_instruction_following': 5, 'critique': '文案简洁且信息准确，但开头缺乏足够的吸引力。'}","{'score_suitability_brevity': 3, 'score_click_appeal': 5, 'score_cta_effectiveness': 5, 'score_factual_accuracy': 5, 'score_instruction_following': 5, 'critique': '极具吸引力且CTA明确，但略显冗长。'}","{'score_suitability_brevity': 2, 'score_click_appeal': 4, 'score_cta_effectiveness': 5, 'score_factual_accuracy': 5, 'score_instruction_following': 5, 'critique': '内容丰富但过于冗长，不适合快速浏览。'}"
71,social_media_review,A,5.0,4.0,3.0,专业与情感完美融合,情感真挚但专业稍弱,内容丰富但品牌感弱,"{'score_authenticity_immersion': 5, 'score_value_engagement': 5, 'score_brand_fit': 5, 'score_instruction_following': 5, 'critique': '专业与情感完美融合'}","{'score_authenticity_immersion': 4, 'score_value_engagement': 4, 'score_brand_fit': 4, 'score_instruction_following': 4, 'critique': '情感真挚但专业稍弱'}","{'score_authenticity_immersion': 3, 'score_value_engagement': 3, 'score_brand_fit': 3, 'score_instruction_following': 3, 'critique': '内容丰富但品牌感弱'}"
72,social_media_educational,A,5.0,3.75,3.75,专业科普与故事完美融合,科学解析清晰但缺乏情感,情感丰富但专业度稍弱,"{'score_authenticity_immersion': 5, 'score_value_engagement': 5, 'score_brand_fit': 5, 'score_instruction_following': 5, 'critique': '专业科普与故事完美融合'}","{'score_authenticity_immersion': 3, 'score_value_engagement': 4, 'score_brand_fit': 4, 'score_instruction_following': 4, 'critique': '科学解析清晰但缺乏情感'}","{'score_authenticity_immersion': 4, 'score_value_engagement': 4, 'score_brand_fit': 3, 'score_instruction_following': 4, 'critique': '情感丰富但专业度稍弱'}"
73,social_media_myth_busting,A,5.0,3.75,4.0,专业科普，故事真实,信息实用，稍显生硬,情感丰富，稍欠专业,"{'score_authenticity_immersion': 5, 'score_value_engagement': 5, 'score_brand_fit': 5, 'score_instruction_following': 5, 'critique': '专业科普，故事真实'}","{'score_authenticity_immersion': 3, 'score_value_engagement': 4, 'score_brand_fit': 4, 'score_instruction_following': 4, 'critique': '信息实用，稍显生硬'}","{'score_authenticity_immersion': 4, 'score_value_engagement': 5, 'score_brand_fit': 3, 'score_instruction_following': 4, 'critique': '情感丰富，稍欠专业'}"
74,social_media_storytelling,A,5.0,3.75,4.5,情感真挚，品牌契合度高,信息实用但故事性较弱,互动性强但稍显夸张,"{'score_authenticity_immersion': 5, 'score_value_engagement': 5, 'score_brand_fit': 5, 'score_instruction_following': 5, 'critique': '情感真挚，品牌契合度高'}","{'score_authenticity_immersion': 3, 'score_value_engagement': 4, 'score_brand_fit': 4, 'score_instruction_following': 4, 'critique': '信息实用但故事性较弱'}","{'score_authenticity_immersion': 4, 'score_value_engagement': 5, 'score_brand_fit': 4, 'score_instruction_following': 5, 'critique': '互动性强但稍显夸张'}"
75,ecommerce_long_form,A,5.0,4.0,3.0,专业权威，逻辑严谨,科学验证，结构清晰,情感丰富，专业稍弱,"{'score_professionalism_persuasion': 5, 'score_clarity_value': 5, 'score_trust_building': 5, 'critique': '专业权威，逻辑严谨'}","{'score_professionalism_persuasion': 4, 'score_clarity_value': 4, 'score_trust_building': 4, 'critique': '科学验证，结构清晰'}","{'score_professionalism_persuasion': 3, 'score_clarity_value': 3, 'score_trust_building': 3, 'critique': '情感丰富，专业稍弱'}"
76,paid_ad_cta,C,4.2,4.4,5.0,简洁性较好，但点击吸引力一般，缺乏亮点。,行动号召有效性高，但文案略显冗长。,简洁性、点击吸引力和行动号召有效性均表现优秀。,"{'score_suitability_brevity': 4, 'score_click_appeal': 3, 'score_cta_effectiveness': 4, 'score_factual_accuracy': 5, 'score_instruction_following': 5, 'critique': '简洁性较好，但点击吸引力一般，缺乏亮点。'}","{'score_suitability_brevity': 3, 'score_click_appeal': 4, 'score_cta_effectiveness': 5, 'score_factual_accuracy': 5, 'score_instruction_following': 5, 'critique': '行动号召有效性高，但文案略显冗长。'}","{'score_suitability_brevity': 5, 'score_click_appeal': 5, 'score_cta_effectiveness': 5, 'score_factual_accuracy': 5, 'score_instruction_following': 5, 'critique': '简洁性、点击吸引力和行动号召有效性均表现优秀。'}"
77,paid_ad_pas,A,4.8,4.0,4.2,简洁有力，痛点放大与解决清晰，CTA明确。,开头极具吸引力，但整体稍显冗长，CTA较弱。,痛点放大极佳，但篇幅过长，不符合信息流广告的简洁要求。,"{'score_suitability_brevity': 5, 'score_click_appeal': 4, 'score_cta_effectiveness': 5, 'score_factual_accuracy': 5, 'score_instruction_following': 5, 'critique': '简洁有力，痛点放大与解决清晰，CTA明确。'}","{'score_suitability_brevity': 3, 'score_click_appeal': 5, 'score_cta_effectiveness': 3, 'score_factual_accuracy': 5, 'score_instruction_following': 4, 'critique': '开头极具吸引力，但整体稍显冗长，CTA较弱。'}","{'score_suitability_brevity': 2, 'score_click_appeal': 5, 'score_cta_effectiveness': 4, 'score_factual_accuracy': 5, 'score_instruction_following': 5, 'critique': '痛点放大极佳，但篇幅过长，不符合信息流广告的简洁要求。'}"
78,paid_ad_bab,A,4.6,3.6,4.4,简洁有力，直接击中混合肌痛点，科学数据增强可信度。,结构完整但过于模板化，视觉描述在纯文字广告中无效。,情感共鸣极强但篇幅过长，关键信息被诗意表达稀释。,"{'score_suitability_brevity': 5, 'score_click_appeal': 4, 'score_cta_effectiveness': 4, 'score_factual_accuracy': 5, 'score_instruction_following': 5, 'critique': '简洁有力，直接击中混合肌痛点，科学数据增强可信度。'}","{'score_suitability_brevity': 3, 'score_click_appeal': 3, 'score_cta_effectiveness': 3, 'score_factual_accuracy': 5, 'score_instruction_following': 4, 'critique': '结构完整但过于模板化，视觉描述在纯文字广告中无效。'}","{'score_suitability_brevity': 2, 'score_click_appeal': 5, 'score_cta_effectiveness': 5, 'score_factual_accuracy': 5, 'score_instruction_following': 5, 'critique': '情感共鸣极强但篇幅过长，关键信息被诗意表达稀释。'}"
79,paid_ad_fab,A,4.6,4.0,4.0,文案简洁有力，数据支撑增强可信度，但CTA稍显常规。,结构清晰，吸引力强，但略显冗长，CTA不够突出。,信息全面但过于冗长，不符合信息流广告的简洁要求。,"{'score_suitability_brevity': 5, 'score_click_appeal': 4, 'score_cta_effectiveness': 4, 'score_factual_accuracy': 5, 'score_instruction_following': 5, 'critique': '文案简洁有力，数据支撑增强可信度，但CTA稍显常规。'}","{'score_suitability_brevity': 3, 'score_click_appeal': 5, 'score_cta_effectiveness': 3, 'score_factual_accuracy': 5, 'score_instruction_following': 4, 'critique': '结构清晰，吸引力强，但略显冗长，CTA不够突出。'}","{'score_suitability_brevity': 2, 'score_click_appeal': 3, 'score_cta_effectiveness': 5, 'score_factual_accuracy': 5, 'score_instruction_following': 5, 'critique': '信息全面但过于冗长，不符合信息流广告的简洁要求。'}"
80,social_media_review,A,5.0,4.25,3.25,专业与真实完美结合,情感真挚但专业性稍弱,情感充沛但专业感不足,"{'score_authenticity_immersion': 5, 'score_value_engagement': 5, 'score_brand_fit': 5, 'score_instruction_following': 5, 'critique': '专业与真实完美结合'}","{'score_authenticity_immersion': 4, 'score_value_engagement': 4, 'score_brand_fit': 4, 'score_instruction_following': 5, 'critique': '情感真挚但专业性稍弱'}","{'score_authenticity_immersion': 3, 'score_value_engagement': 3, 'score_brand_fit': 3, 'score_instruction_following': 4, 'critique': '情感充沛但专业感不足'}"
81,social_media_educational,B,4.75,5.0,3.5,科普性强，品牌契合度高,专业深度，故事引人入胜,通俗易懂，但专业性稍弱,"{'score_authenticity_immersion': 4, 'score_value_engagement': 5, 'score_brand_fit': 5, 'score_instruction_following': 5, 'critique': '科普性强，品牌契合度高'}","{'score_authenticity_immersion': 5, 'score_value_engagement': 5, 'score_brand_fit': 5, 'score_instruction_following': 5, 'critique': '专业深度，故事引人入胜'}","{'score_authenticity_immersion': 3, 'score_value_engagement': 4, 'score_brand_fit': 3, 'score_instruction_following': 4, 'critique': '通俗易懂，但专业性稍弱'}"
82,social_media_myth_busting,A,4.75,3.75,4.75,专业科普，品牌契合度高,信息丰富，但故事性较弱,情感真挚，互动潜力强,"{'score_authenticity_immersion': 4, 'score_value_engagement': 5, 'score_brand_fit': 5, 'score_instruction_following': 5, 'critique': '专业科普，品牌契合度高'}","{'score_authenticity_immersion': 3, 'score_value_engagement': 4, 'score_brand_fit': 4, 'score_instruction_following': 4, 'critique': '信息丰富，但故事性较弱'}","{'score_authenticity_immersion': 5, 'score_value_engagement': 5, 'score_brand_fit': 4, 'score_instruction_following': 5, 'critique': '情感真挚，互动潜力强'}"
83,social_media_storytelling,A,4.75,3.25,4.5,真实感强，品牌契合度高,情感表达夸张，品牌调性稍弱,互动潜力高，品牌契合度良好,"{'score_authenticity_immersion': 5, 'score_value_engagement': 4, 'score_brand_fit': 5, 'score_instruction_following': 5, 'critique': '真实感强，品牌契合度高'}","{'score_authenticity_immersion': 3, 'score_value_engagement': 3, 'score_brand_fit': 3, 'score_instruction_following': 4, 'critique': '情感表达夸张，品牌调性稍弱'}","{'score_authenticity_immersion': 4, 'score_value_engagement': 5, 'score_brand_fit': 4, 'score_instruction_following': 5, 'critique': '互动潜力高，品牌契合度良好'}"
84,ecommerce_long_form,A,5.0,4.0,3.0,专业严谨，逻辑清晰,科学背书，结构清晰,信息完整，略显营销,"{'score_professionalism_persuasion': 5, 'score_clarity_value': 5, 'score_trust_building': 5, 'critique': '专业严谨，逻辑清晰'}","{'score_professionalism_persuasion': 4, 'score_clarity_value': 4, 'score_trust_building': 4, 'critique': '科学背书，结构清晰'}","{'score_professionalism_persuasion': 3, 'score_clarity_value': 3, 'score_trust_building': 3, 'critique': '信息完整，略显营销'}"
85,paid_ad_cta,A,4.4,4.4,3.4,文案简洁且科学性强，但CTA略显常规,极具吸引力且CTA强烈，但稍显冗长,结构清晰但过于冗长，不符合信息流广告的简洁要求,"{'score_suitability_brevity': 4, 'score_click_appeal': 4, 'score_cta_effectiveness': 4, 'score_factual_accuracy': 5, 'score_instruction_following': 5, 'critique': '文案简洁且科学性强，但CTA略显常规'}","{'score_suitability_brevity': 3, 'score_click_appeal': 5, 'score_cta_effectiveness': 5, 'score_factual_accuracy': 5, 'score_instruction_following': 4, 'critique': '极具吸引力且CTA强烈，但稍显冗长'}","{'score_suitability_brevity': 2, 'score_click_appeal': 3, 'score_cta_effectiveness': 4, 'score_factual_accuracy': 5, 'score_instruction_following': 3, 'critique': '结构清晰但过于冗长，不符合信息流广告的简洁要求'}"
86,paid_ad_pas,A,4.8,4.0,3.2,简洁有力，痛点放大解决结构清晰，CTA明确。,开头极具冲击力，但整体稍显冗长，CTA较弱。,灾难性冗长，信息过载，完全不适合付费广告场景。,"{'score_suitability_brevity': 5, 'score_click_appeal': 4, 'score_cta_effectiveness': 5, 'score_factual_accuracy': 5, 'score_instruction_following': 5, 'critique': '简洁有力，痛点放大解决结构清晰，CTA明确。'}","{'score_suitability_brevity': 3, 'score_click_appeal': 5, 'score_cta_effectiveness': 3, 'score_factual_accuracy': 5, 'score_instruction_following': 4, 'critique': '开头极具冲击力，但整体稍显冗长，CTA较弱。'}","{'score_suitability_brevity': 1, 'score_click_appeal': 3, 'score_cta_effectiveness': 4, 'score_factual_accuracy': 5, 'score_instruction_following': 3, 'critique': '灾难性冗长，信息过载，完全不适合付费广告场景。'}"
87,paid_ad_bab,A,4.8,4.2,3.0,简洁有力，完美符合信息流广告的短平快要求。,结构清晰，但略显冗长，部分内容可进一步精简。,过于冗长，完全不适合信息流广告的快速阅读场景。,"{'score_suitability_brevity': 5, 'score_click_appeal': 4, 'score_cta_effectiveness': 5, 'score_factual_accuracy': 5, 'score_instruction_following': 5, 'critique': '简洁有力，完美符合信息流广告的短平快要求。'}","{'score_suitability_brevity': 3, 'score_click_appeal': 4, 'score_cta_effectiveness': 4, 'score_factual_accuracy': 5, 'score_instruction_following': 5, 'critique': '结构清晰，但略显冗长，部分内容可进一步精简。'}","{'score_suitability_brevity': 1, 'score_click_appeal': 3, 'score_cta_effectiveness': 3, 'score_factual_accuracy': 5, 'score_instruction_following': 3, 'critique': '过于冗长，完全不适合信息流广告的快速阅读场景。'}"
88,paid_ad_fab,C,4.2,3.8,5.0,文案信息准确且专业，但略显冗长，部分细节可能不适合快速浏览。,结构清晰，但开头吸引力不足，CTA较为模板化。,简洁有力，吸引力强，CTA明确且与内容紧密结合，完美符合要求。,"{'score_suitability_brevity': 3, 'score_click_appeal': 4, 'score_cta_effectiveness': 4, 'score_factual_accuracy': 5, 'score_instruction_following': 5, 'critique': '文案信息准确且专业，但略显冗长，部分细节可能不适合快速浏览。'}","{'score_suitability_brevity': 4, 'score_click_appeal': 3, 'score_cta_effectiveness': 3, 'score_factual_accuracy': 5, 'score_instruction_following': 4, 'critique': '结构清晰，但开头吸引力不足，CTA较为模板化。'}","{'score_suitability_brevity': 5, 'score_click_appeal': 5, 'score_cta_effectiveness': 5, 'score_factual_accuracy': 5, 'score_instruction_following': 5, 'critique': '简洁有力，吸引力强，CTA明确且与内容紧密结合，完美符合要求。'}"
89,social_media_review,A,5.0,4.0,3.0,真实感强，专业与情感完美结合,内容实用，但品牌调性稍弱,情感丰富，但专业性不足,"{'score_authenticity_immersion': 5, 'score_value_engagement': 5, 'score_brand_fit': 5, 'score_instruction_following': 5, 'critique': '真实感强，专业与情感完美结合'}","{'score_authenticity_immersion': 4, 'score_value_engagement': 4, 'score_brand_fit': 4, 'score_instruction_following': 4, 'critique': '内容实用，但品牌调性稍弱'}","{'score_authenticity_immersion': 3, 'score_value_engagement': 3, 'score_brand_fit': 3, 'score_instruction_following': 3, 'critique': '情感丰富，但专业性不足'}"
90,social_media_educational,A,4.75,3.75,4.75,专业科普，品牌契合度高,基础科普，略显平淡,情感共鸣强，互动潜力大,"{'score_authenticity_immersion': 4, 'score_value_engagement': 5, 'score_brand_fit': 5, 'score_instruction_following': 5, 'critique': '专业科普，品牌契合度高'}","{'score_authenticity_immersion': 3, 'score_value_engagement': 4, 'score_brand_fit': 4, 'score_instruction_following': 4, 'critique': '基础科普，略显平淡'}","{'score_authenticity_immersion': 5, 'score_value_engagement': 5, 'score_brand_fit': 4, 'score_instruction_following': 5, 'critique': '情感共鸣强，互动潜力大'}"
91,social_media_myth_busting,A,5.0,3.25,4.25,专业科普，故事性强,内容中规中矩,详细但稍显冗长,"{'score_authenticity_immersion': 5, 'score_value_engagement': 5, 'score_brand_fit': 5, 'score_instruction_following': 5, 'critique': '专业科普，故事性强'}","{'score_authenticity_immersion': 3, 'score_value_engagement': 3, 'score_brand_fit': 3, 'score_instruction_following': 4, 'critique': '内容中规中矩'}","{'score_authenticity_immersion': 4, 'score_value_engagement': 4, 'score_brand_fit': 4, 'score_instruction_following': 5, 'critique': '详细但稍显冗长'}"
92,social_media_storytelling,A,5.0,4.25,3.25,真实故事与专业完美融合,情感真挚但专业稍弱,内容价值一般，品牌契合度中等,"{'score_authenticity_immersion': 5, 'score_value_engagement': 5, 'score_brand_fit': 5, 'score_instruction_following': 5, 'critique': '真实故事与专业完美融合'}","{'score_authenticity_immersion': 4, 'score_value_engagement': 4, 'score_brand_fit': 4, 'score_instruction_following': 5, 'critique': '情感真挚但专业稍弱'}","{'score_authenticity_immersion': 3, 'score_value_engagement': 3, 'score_brand_fit': 3, 'score_instruction_following': 4, 'critique': '内容价值一般，品牌契合度中等'}"
93,ecommerce_long_form,B,4.0,5.0,3.0,专业性强，逻辑清晰,信息详尽，信任感强,情感化表达，专业性稍弱,"{'score_professionalism_persuasion': 4, 'score_clarity_value': 4, 'score_trust_building': 4, 'critique': '专业性强，逻辑清晰'}","{'score_professionalism_persuasion': 5, 'score_clarity_value': 5, 'score_trust_building': 5, 'critique': '信息详尽，信任感强'}","{'score_professionalism_persuasion': 3, 'score_clarity_value': 3, 'score_trust_building': 3, 'critique': '情感化表达，专业性稍弱'}"
94,paid_ad_cta,B,4.2,5.0,4.4,文案简洁且信息准确，但开头缺乏足够的吸引力。,文案简洁有力，开头极具吸引力，CTA明确且有效。,文案内容丰富但略显冗长，CTA和利益点明确。,"{'score_suitability_brevity': 4, 'score_click_appeal': 3, 'score_cta_effectiveness': 4, 'score_factual_accuracy': 5, 'score_instruction_following': 5, 'critique': '文案简洁且信息准确，但开头缺乏足够的吸引力。'}","{'score_suitability_brevity': 5, 'score_click_appeal': 5, 'score_cta_effectiveness': 5, 'score_factual_accuracy': 5, 'score_instruction_following': 5, 'critique': '文案简洁有力，开头极具吸引力，CTA明确且有效。'}","{'score_suitability_brevity': 3, 'score_click_appeal': 4, 'score_cta_effectiveness': 5, 'score_factual_accuracy': 5, 'score_instruction_following': 5, 'critique': '文案内容丰富但略显冗长，CTA和利益点明确。'}"
95,paid_ad_pas,A,4.8,3.6,3.0,简洁有力，直接击中痛点并提供解决方案。,开头略显平淡，缺乏立即的吸引力。,过于冗长，不适合快速滑动的信息流广告。,"{'score_suitability_brevity': 5, 'score_click_appeal': 4, 'score_cta_effectiveness': 5, 'score_factual_accuracy': 5, 'score_instruction_following': 5, 'critique': '简洁有力，直接击中痛点并提供解决方案。'}","{'score_suitability_brevity': 3, 'score_click_appeal': 3, 'score_cta_effectiveness': 3, 'score_factual_accuracy': 5, 'score_instruction_following': 4, 'critique': '开头略显平淡，缺乏立即的吸引力。'}","{'score_suitability_brevity': 1, 'score_click_appeal': 2, 'score_cta_effectiveness': 4, 'score_factual_accuracy': 5, 'score_instruction_following': 3, 'critique': '过于冗长，不适合快速滑动的信息流广告。'}"
96,paid_ad_bab,A,4.8,3.6,3.2,简洁有力，直接击中痛点并提供了明确的解决方案。,结构清晰但略显冗长，视觉描述过多，不适合快速滑动场景。,过于文学化和冗长，不适合付费广告的快速阅读需求。,"{'score_suitability_brevity': 5, 'score_click_appeal': 4, 'score_cta_effectiveness': 5, 'score_factual_accuracy': 5, 'score_instruction_following': 5, 'critique': '简洁有力，直接击中痛点并提供了明确的解决方案。'}","{'score_suitability_brevity': 3, 'score_click_appeal': 3, 'score_cta_effectiveness': 3, 'score_factual_accuracy': 5, 'score_instruction_following': 4, 'critique': '结构清晰但略显冗长，视觉描述过多，不适合快速滑动场景。'}","{'score_suitability_brevity': 2, 'score_click_appeal': 2, 'score_cta_effectiveness': 4, 'score_factual_accuracy': 5, 'score_instruction_following': 3, 'critique': '过于文学化和冗长，不适合付费广告的快速阅读需求。'}"
97,paid_ad_fab,A,4.8,4.4,3.8,简洁性极佳，信息高度压缩，完美适配信息流的阅读场景。,极具冲击力，能迅速激发好奇心或击中痛点，但CTA较弱。,灾难性的冗长，包含了大段的、不必要的细节，完全不适合作为付费广告。,"{'score_suitability_brevity': 5, 'score_click_appeal': 4, 'score_cta_effectiveness': 5, 'score_factual_accuracy': 5, 'score_instruction_following': 5, 'critique': '简洁性极佳，信息高度压缩，完美适配信息流的阅读场景。'}","{'score_suitability_brevity': 4, 'score_click_appeal': 5, 'score_cta_effectiveness': 3, 'score_factual_accuracy': 5, 'score_instruction_following': 5, 'critique': '极具冲击力，能迅速激发好奇心或击中痛点，但CTA较弱。'}","{'score_suitability_brevity': 2, 'score_click_appeal': 3, 'score_cta_effectiveness': 4, 'score_factual_accuracy': 5, 'score_instruction_following': 5, 'critique': '灾难性的冗长，包含了大段的、不必要的细节，完全不适合作为付费广告。'}"
98,social_media_review,A,4.5,4.5,3.25,专业且真实的使用反馈,情感真挚，互动性强,信息全面但稍显冗长,"{'score_authenticity_immersion': 4, 'score_value_engagement': 4, 'score_brand_fit': 5, 'score_instruction_following': 5, 'critique': '专业且真实的使用反馈'}","{'score_authenticity_immersion': 5, 'score_value_engagement': 5, 'score_brand_fit': 4, 'score_instruction_following': 4, 'critique': '情感真挚，互动性强'}","{'score_authenticity_immersion': 3, 'score_value_engagement': 3, 'score_brand_fit': 3, 'score_instruction_following': 4, 'critique': '信息全面但稍显冗长'}"
99,social_media_educational,A,4.75,3.5,4.75,专业科普，品牌契合度高,内容简洁，但缺乏深度,情感真挚，互动性强,"{'score_authenticity_immersion': 4, 'score_value_engagement': 5, 'score_brand_fit': 5, 'score_instruction_following': 5, 'critique': '专业科普，品牌契合度高'}","{'score_authenticity_immersion': 3, 'score_value_engagement': 3, 'score_brand_fit': 4, 'score_instruction_following': 4, 'critique': '内容简洁，但缺乏深度'}","{'score_authenticity_immersion': 5, 'score_value_engagement': 5, 'score_brand_fit': 4, 'score_instruction_following': 5, 'critique': '情感真挚，互动性强'}"
100,social_media_myth_busting,A,5.0,3.25,4.25,专业科普，故事性强,情感真挚，但专业性稍弱,互动性强，品牌契合度高,"{'score_authenticity_immersion': 5, 'score_value_engagement': 5, 'score_brand_fit': 5, 'score_instruction_following': 5, 'critique': '专业科普，故事性强'}","{'score_authenticity_immersion': 3, 'score_value_engagement': 3, 'score_brand_fit': 3, 'score_instruction_following': 4, 'critique': '情感真挚，但专业性稍弱'}","{'score_authenticity_immersion': 4, 'score_value_engagement': 4, 'score_brand_fit': 4, 'score_instruction_following': 5, 'critique': '互动性强，品牌契合度高'}"
101,social_media_storytelling,A,5.0,4.0,3.0,真实故事与专业完美融合,故事真实但专业感稍弱,广告感强，缺乏深度,"{'score_authenticity_immersion': 5, 'score_value_engagement': 5, 'score_brand_fit': 5, 'score_instruction_following': 5, 'critique': '真实故事与专业完美融合'}","{'score_authenticity_immersion': 4, 'score_value_engagement': 4, 'score_brand_fit': 4, 'score_instruction_following': 4, 'critique': '故事真实但专业感稍弱'}","{'score_authenticity_immersion': 3, 'score_value_engagement': 3, 'score_brand_fit': 3, 'score_instruction_following': 3, 'critique': '广告感强，缺乏深度'}"
102,ecommerce_long_form,A,5.0,4.0,3.0,专业性强，逻辑严谨,信息全面，结构清晰,营销感强，专业度一般,"{'score_professionalism_persuasion': 5, 'score_clarity_value': 5, 'score_trust_building': 5, 'critique': '专业性强，逻辑严谨'}","{'score_professionalism_persuasion': 4, 'score_clarity_value': 4, 'score_trust_building': 4, 'critique': '信息全面，结构清晰'}","{'score_professionalism_persuasion': 3, 'score_clarity_value': 3, 'score_trust_building': 3, 'critique': '营销感强，专业度一般'}"
103,paid_ad_cta,B,4.2,5.0,3.8,文案简洁且信息准确，但开头缺乏足够的吸引力。,极具冲击力的开头和明确的行动号召，完美符合信息流广告的要求。,文案过于冗长，包含不必要的细节，不适合快速滑动的信息流场景。,"{'score_suitability_brevity': 4, 'score_click_appeal': 3, 'score_cta_effectiveness': 4, 'score_factual_accuracy': 5, 'score_instruction_following': 5, 'critique': '文案简洁且信息准确，但开头缺乏足够的吸引力。'}","{'score_suitability_brevity': 5, 'score_click_appeal': 5, 'score_cta_effectiveness': 5, 'score_factual_accuracy': 5, 'score_instruction_following': 5, 'critique': '极具冲击力的开头和明确的行动号召，完美符合信息流广告的要求。'}","{'score_suitability_brevity': 2, 'score_click_appeal': 4, 'score_cta_effectiveness': 4, 'score_factual_accuracy': 5, 'score_instruction_following': 4, 'critique': '文案过于冗长，包含不必要的细节，不适合快速滑动的信息流场景。'}"
104,paid_ad_pas,B,4.6,4.8,3.8,文案简洁有力，CTA明确且与内容紧密结合。,开头极具冲击力，能迅速激发好奇心，但CTA稍弱。,文案过于冗长，不适合信息流广告的快速阅读场景。,"{'score_suitability_brevity': 4, 'score_click_appeal': 4, 'score_cta_effectiveness': 5, 'score_factual_accuracy': 5, 'score_instruction_following': 5, 'critique': '文案简洁有力，CTA明确且与内容紧密结合。'}","{'score_suitability_brevity': 5, 'score_click_appeal': 5, 'score_cta_effectiveness': 4, 'score_factual_accuracy': 5, 'score_instruction_following': 5, 'critique': '开头极具冲击力，能迅速激发好奇心，但CTA稍弱。'}","{'score_suitability_brevity': 2, 'score_click_appeal': 3, 'score_cta_effectiveness': 4, 'score_factual_accuracy': 5, 'score_instruction_following': 5, 'critique': '文案过于冗长，不适合信息流广告的快速阅读场景。'}"
105,paid_ad_bab,A,4.6,3.6,4.2,简洁有力，直接击中痛点，CTA明确。,结构清晰但略显冗长，CTA较弱。,极具吸引力但过于冗长，不适合快速滑动场景。,"{'score_suitability_brevity': 4, 'score_click_appeal': 4, 'score_cta_effectiveness': 5, 'score_factual_accuracy': 5, 'score_instruction_following': 5, 'critique': '简洁有力，直接击中痛点，CTA明确。'}","{'score_suitability_brevity': 3, 'score_click_appeal': 3, 'score_cta_effectiveness': 3, 'score_factual_accuracy': 5, 'score_instruction_following': 4, 'critique': '结构清晰但略显冗长，CTA较弱。'}","{'score_suitability_brevity': 2, 'score_click_appeal': 5, 'score_cta_effectiveness': 4, 'score_factual_accuracy': 5, 'score_instruction_following': 5, 'critique': '极具吸引力但过于冗长，不适合快速滑动场景。'}"
106,paid_ad_fab,A,4.8,3.6,3.8,文案简洁有力，CTA明确且与内容紧密结合。,结构清晰但略显冗长，CTA较弱。,内容丰富但过于冗长，不适合快速阅读。,"{'score_suitability_brevity': 5, 'score_click_appeal': 4, 'score_cta_effectiveness': 5, 'score_factual_accuracy': 5, 'score_instruction_following': 5, 'critique': '文案简洁有力，CTA明确且与内容紧密结合。'}","{'score_suitability_brevity': 3, 'score_click_appeal': 3, 'score_cta_effectiveness': 3, 'score_factual_accuracy': 5, 'score_instruction_following': 4, 'critique': '结构清晰但略显冗长，CTA较弱。'}","{'score_suitability_brevity': 2, 'score_click_appeal': 4, 'score_cta_effectiveness': 4, 'score_factual_accuracy': 5, 'score_instruction_following': 4, 'critique': '内容丰富但过于冗长，不适合快速阅读。'}"
107,social_media_review,A,5.0,4.25,3.25,专业与真实完美融合,实用但缺乏情感共鸣,情感丰富但专业性不足,"{'score_authenticity_immersion': 5, 'score_value_engagement': 5, 'score_brand_fit': 5, 'score_instruction_following': 5, 'critique': '专业与真实完美融合'}","{'score_authenticity_immersion': 4, 'score_value_engagement': 4, 'score_brand_fit': 4, 'score_instruction_following': 5, 'critique': '实用但缺乏情感共鸣'}","{'score_authenticity_immersion': 3, 'score_value_engagement': 3, 'score_brand_fit': 3, 'score_instruction_following': 4, 'critique': '情感丰富但专业性不足'}"
108,social_media_educational,A,4.75,3.75,2.75,专业科普，品牌契合度高,科普内容扎实，稍显平淡,情感化表达，偏离专业调性,"{'score_authenticity_immersion': 4, 'score_value_engagement': 5, 'score_brand_fit': 5, 'score_instruction_following': 5, 'critique': '专业科普，品牌契合度高'}","{'score_authenticity_immersion': 3, 'score_value_engagement': 4, 'score_brand_fit': 4, 'score_instruction_following': 4, 'critique': '科普内容扎实，稍显平淡'}","{'score_authenticity_immersion': 2, 'score_value_engagement': 3, 'score_brand_fit': 3, 'score_instruction_following': 3, 'critique': '情感化表达，偏离专业调性'}"
109,social_media_myth_busting,A,4.75,3.75,4.75,专业且引人入胜的科普,信息丰富但缺乏故事性,情感真挚且互动性强,"{'score_authenticity_immersion': 4, 'score_value_engagement': 5, 'score_brand_fit': 5, 'score_instruction_following': 5, 'critique': '专业且引人入胜的科普'}","{'score_authenticity_immersion': 3, 'score_value_engagement': 4, 'score_brand_fit': 4, 'score_instruction_following': 4, 'critique': '信息丰富但缺乏故事性'}","{'score_authenticity_immersion': 5, 'score_value_engagement': 5, 'score_brand_fit': 4, 'score_instruction_following': 5, 'critique': '情感真挚且互动性强'}"
110,social_media_storytelling,A,5.0,4.25,3.25,真实感人设，科学精简,情感共鸣，专业稍弱,信息丰富，稍显夸张,"{'score_authenticity_immersion': 5, 'score_value_engagement': 5, 'score_brand_fit': 5, 'score_instruction_following': 5, 'critique': '真实感人设，科学精简'}","{'score_authenticity_immersion': 4, 'score_value_engagement': 4, 'score_brand_fit': 4, 'score_instruction_following': 5, 'critique': '情感共鸣，专业稍弱'}","{'score_authenticity_immersion': 3, 'score_value_engagement': 3, 'score_brand_fit': 3, 'score_instruction_following': 4, 'critique': '信息丰富，稍显夸张'}"
111,ecommerce_long_form,A,5.0,4.0,3.0,专业严谨，信息全面,结构清晰，稍显常规,情感丰富，专业不足,"{'score_professionalism_persuasion': 5, 'score_clarity_value': 5, 'score_trust_building': 5, 'critique': '专业严谨，信息全面'}","{'score_professionalism_persuasion': 4, 'score_clarity_value': 4, 'score_trust_building': 4, 'critique': '结构清晰，稍显常规'}","{'score_professionalism_persuasion': 3, 'score_clarity_value': 3, 'score_trust_building': 3, 'critique': '情感丰富，专业不足'}"
112,paid_ad_cta,B,3.8,4.8,4.0,文案内容准确，但缺乏足够的吸引力。,极具冲击力的开头和明确的CTA，能有效吸引点击。,文案内容丰富但略显冗长，适合更详细的页面而非广告。,"{'score_suitability_brevity': 3, 'score_click_appeal': 3, 'score_cta_effectiveness': 3, 'score_factual_accuracy': 5, 'score_instruction_following': 5, 'critique': '文案内容准确，但缺乏足够的吸引力。'}","{'score_suitability_brevity': 4, 'score_click_appeal': 5, 'score_cta_effectiveness': 5, 'score_factual_accuracy': 5, 'score_instruction_following': 5, 'critique': '极具冲击力的开头和明确的CTA，能有效吸引点击。'}","{'score_suitability_brevity': 2, 'score_click_appeal': 4, 'score_cta_effectiveness': 4, 'score_factual_accuracy': 5, 'score_instruction_following': 5, 'critique': '文案内容丰富但略显冗长，适合更详细的页面而非广告。'}"
113,paid_ad_pas,A,4.8,4.4,3.4,简洁有力，直接击中痛点并提供解决方案。,情感描述丰富，但略显冗长。,过于冗长，不适合快速阅读的信息流广告。,"{'score_suitability_brevity': 5, 'score_click_appeal': 4, 'score_cta_effectiveness': 5, 'score_factual_accuracy': 5, 'score_instruction_following': 5, 'critique': '简洁有力，直接击中痛点并提供解决方案。'}","{'score_suitability_brevity': 3, 'score_click_appeal': 5, 'score_cta_effectiveness': 4, 'score_factual_accuracy': 5, 'score_instruction_following': 5, 'critique': '情感描述丰富，但略显冗长。'}","{'score_suitability_brevity': 1, 'score_click_appeal': 3, 'score_cta_effectiveness': 3, 'score_factual_accuracy': 5, 'score_instruction_following': 5, 'critique': '过于冗长，不适合快速阅读的信息流广告。'}"
114,paid_ad_bab,A,4.6,3.6,4.4,简洁有力，直接点明问题与解决方案，符合信息流广告的快速阅读需求。,结构清晰但略显冗长，部分内容更适合详细说明而非快速吸引注意力。,情感共鸣强烈但过于冗长，不适合快速滑动的信息流广告场景。,"{'score_suitability_brevity': 5, 'score_click_appeal': 4, 'score_cta_effectiveness': 4, 'score_factual_accuracy': 5, 'score_instruction_following': 5, 'critique': '简洁有力，直接点明问题与解决方案，符合信息流广告的快速阅读需求。'}","{'score_suitability_brevity': 3, 'score_click_appeal': 3, 'score_cta_effectiveness': 3, 'score_factual_accuracy': 5, 'score_instruction_following': 4, 'critique': '结构清晰但略显冗长，部分内容更适合详细说明而非快速吸引注意力。'}","{'score_suitability_brevity': 2, 'score_click_appeal': 5, 'score_cta_effectiveness': 5, 'score_factual_accuracy': 5, 'score_instruction_following': 5, 'critique': '情感共鸣强烈但过于冗长，不适合快速滑动的信息流广告场景。'}"
115,paid_ad_fab,B,4.4,4.6,3.8,文案简洁有力，科学配方和精简有效的品牌理念传达清晰。,极其精炼，信息高度压缩，完美适配信息流的阅读场景。,包含了大段的、不必要的细节，完全不适合作为付费广告。,"{'score_suitability_brevity': 4, 'score_click_appeal': 4, 'score_cta_effectiveness': 4, 'score_factual_accuracy': 5, 'score_instruction_following': 5, 'critique': '文案简洁有力，科学配方和精简有效的品牌理念传达清晰。'}","{'score_suitability_brevity': 5, 'score_click_appeal': 5, 'score_cta_effectiveness': 3, 'score_factual_accuracy': 5, 'score_instruction_following': 5, 'critique': '极其精炼，信息高度压缩，完美适配信息流的阅读场景。'}","{'score_suitability_brevity': 2, 'score_click_appeal': 3, 'score_cta_effectiveness': 4, 'score_factual_accuracy': 5, 'score_instruction_following': 5, 'critique': '包含了大段的、不必要的细节，完全不适合作为付费广告。'}"
116,social_media_review,C,4.5,3.5,4.75,专业且真实的使用反馈,中规中矩的使用记录,情感真挚且互动性强,"{'score_authenticity_immersion': 4, 'score_value_engagement': 4, 'score_brand_fit': 5, 'score_instruction_following': 5, 'critique': '专业且真实的使用反馈'}","{'score_authenticity_immersion': 3, 'score_value_engagement': 3, 'score_brand_fit': 4, 'score_instruction_following': 4, 'critique': '中规中矩的使用记录'}","{'score_authenticity_immersion': 5, 'score_value_engagement': 5, 'score_brand_fit': 4, 'score_instruction_following': 5, 'critique': '情感真挚且互动性强'}"
117,social_media_educational,A,4.75,3.75,4.75,专业科普，品牌契合度高,内容有价值，但故事性稍弱,故事性强，互动潜力高,"{'score_authenticity_immersion': 4, 'score_value_engagement': 5, 'score_brand_fit': 5, 'score_instruction_following': 5, 'critique': '专业科普，品牌契合度高'}","{'score_authenticity_immersion': 3, 'score_value_engagement': 4, 'score_brand_fit': 4, 'score_instruction_following': 4, 'critique': '内容有价值，但故事性稍弱'}","{'score_authenticity_immersion': 5, 'score_value_engagement': 5, 'score_brand_fit': 4, 'score_instruction_following': 5, 'critique': '故事性强，互动潜力高'}"
118,social_media_myth_busting,A,5.0,3.75,4.5,专业且引人入胜的科普,信息丰富但故事性稍弱,情感真挚但专业度稍逊,"{'score_authenticity_immersion': 5, 'score_value_engagement': 5, 'score_brand_fit': 5, 'score_instruction_following': 5, 'critique': '专业且引人入胜的科普'}","{'score_authenticity_immersion': 3, 'score_value_engagement': 4, 'score_brand_fit': 4, 'score_instruction_following': 4, 'critique': '信息丰富但故事性稍弱'}","{'score_authenticity_immersion': 4, 'score_value_engagement': 5, 'score_brand_fit': 4, 'score_instruction_following': 5, 'critique': '情感真挚但专业度稍逊'}"
119,social_media_storytelling,A,4.75,3.5,4.5,真实感强，品牌契合度高,内容中规中矩，品牌契合度一般,互动潜力高，品牌契合度稍逊,"{'score_authenticity_immersion': 5, 'score_value_engagement': 4, 'score_brand_fit': 5, 'score_instruction_following': 5, 'critique': '真实感强，品牌契合度高'}","{'score_authenticity_immersion': 3, 'score_value_engagement': 3, 'score_brand_fit': 4, 'score_instruction_following': 4, 'critique': '内容中规中矩，品牌契合度一般'}","{'score_authenticity_immersion': 4, 'score_value_engagement': 5, 'score_brand_fit': 4, 'score_instruction_following': 5, 'critique': '互动潜力高，品牌契合度稍逊'}"
120,ecommerce_long_form,B,4.0,5.0,3.0,专业性强，信息清晰,全面专业，信任感强,情感丰富，专业稍弱,"{'score_professionalism_persuasion': 4, 'score_clarity_value': 4, 'score_trust_building': 4, 'critique': '专业性强，信息清晰'}","{'score_professionalism_persuasion': 5, 'score_clarity_value': 5, 'score_trust_building': 5, 'critique': '全面专业，信任感强'}","{'score_professionalism_persuasion': 3, 'score_clarity_value': 3, 'score_trust_building': 3, 'critique': '情感丰富，专业稍弱'}"
121,paid_ad_cta,B,3.8,4.6,4.4,文案信息准确但略显冗长，吸引力一般。,简洁有力，吸引力强，CTA明确。,吸引力极强但过于冗长，不适合快速滑动场景。,"{'score_suitability_brevity': 3, 'score_click_appeal': 3, 'score_cta_effectiveness': 3, 'score_factual_accuracy': 5, 'score_instruction_following': 5, 'critique': '文案信息准确但略显冗长，吸引力一般。'}","{'score_suitability_brevity': 5, 'score_click_appeal': 4, 'score_cta_effectiveness': 4, 'score_factual_accuracy': 5, 'score_instruction_following': 5, 'critique': '简洁有力，吸引力强，CTA明确。'}","{'score_suitability_brevity': 2, 'score_click_appeal': 5, 'score_cta_effectiveness': 5, 'score_factual_accuracy': 5, 'score_instruction_following': 5, 'critique': '吸引力极强但过于冗长，不适合快速滑动场景。'}"
122,paid_ad_pas,A,4.8,4.4,4.4,简洁性极佳，核心信息突出，适合快速滑动场景。,痛点放大解决结构清晰，但略显冗长。,情感共鸣强烈，但过于冗长，不适合快速滑动。,"{'score_suitability_brevity': 5, 'score_click_appeal': 4, 'score_cta_effectiveness': 5, 'score_factual_accuracy': 5, 'score_instruction_following': 5, 'critique': '简洁性极佳，核心信息突出，适合快速滑动场景。'}","{'score_suitability_brevity': 3, 'score_click_appeal': 5, 'score_cta_effectiveness': 4, 'score_factual_accuracy': 5, 'score_instruction_following': 5, 'critique': '痛点放大解决结构清晰，但略显冗长。'}","{'score_suitability_brevity': 2, 'score_click_appeal': 5, 'score_cta_effectiveness': 5, 'score_factual_accuracy': 5, 'score_instruction_following': 5, 'critique': '情感共鸣强烈，但过于冗长，不适合快速滑动。'}"
123,paid_ad_bab,C,4.4,4.6,5.0,文案简洁有力，直接点出问题并提供解决方案，但CTA略显常规。,文案结构清晰，痛点切入精准，但篇幅稍长，可能影响信息流广告的快速阅读。,文案情感共鸣强烈，简洁且富有诗意，完美符合信息流广告的快速阅读需求。,"{'score_suitability_brevity': 4, 'score_click_appeal': 4, 'score_cta_effectiveness': 4, 'score_factual_accuracy': 5, 'score_instruction_following': 5, 'critique': '文案简洁有力，直接点出问题并提供解决方案，但CTA略显常规。'}","{'score_suitability_brevity': 3, 'score_click_appeal': 5, 'score_cta_effectiveness': 5, 'score_factual_accuracy': 5, 'score_instruction_following': 5, 'critique': '文案结构清晰，痛点切入精准，但篇幅稍长，可能影响信息流广告的快速阅读。'}","{'score_suitability_brevity': 5, 'score_click_appeal': 5, 'score_cta_effectiveness': 5, 'score_factual_accuracy': 5, 'score_instruction_following': 5, 'critique': '文案情感共鸣强烈，简洁且富有诗意，完美符合信息流广告的快速阅读需求。'}"
124,paid_ad_fab,B,4.2,5.0,4.2,文案简洁且信息准确，但开头缺乏足够的吸引力。,文案简洁有力，开头极具吸引力，CTA明确且有效。,文案内容丰富但略显冗长，开头吸引力尚可但不够突出。,"{'score_suitability_brevity': 4, 'score_click_appeal': 3, 'score_cta_effectiveness': 4, 'score_factual_accuracy': 5, 'score_instruction_following': 5, 'critique': '文案简洁且信息准确，但开头缺乏足够的吸引力。'}","{'score_suitability_brevity': 5, 'score_click_appeal': 5, 'score_cta_effectiveness': 5, 'score_factual_accuracy': 5, 'score_instruction_following': 5, 'critique': '文案简洁有力，开头极具吸引力，CTA明确且有效。'}","{'score_suitability_brevity': 3, 'score_click_appeal': 4, 'score_cta_effectiveness': 4, 'score_factual_accuracy': 5, 'score_instruction_following': 5, 'critique': '文案内容丰富但略显冗长，开头吸引力尚可但不够突出。'}"
125,social_media_review,A,5.0,4.0,3.0,专业且真实的使用反馈,实用但缺乏情感共鸣,情感丰富但专业性不足,"{'score_authenticity_immersion': 5, 'score_value_engagement': 5, 'score_brand_fit': 5, 'score_instruction_following': 5, 'critique': '专业且真实的使用反馈'}","{'score_authenticity_immersion': 4, 'score_value_engagement': 4, 'score_brand_fit': 4, 'score_instruction_following': 4, 'critique': '实用但缺乏情感共鸣'}","{'score_authenticity_immersion': 3, 'score_value_engagement': 3, 'score_brand_fit': 3, 'score_instruction_following': 3, 'critique': '情感丰富但专业性不足'}"
126,social_media_educational,A,5.0,4.25,3.25,专业科普，故事性强,科普清晰，稍显平淡,情感化，专业性稍弱,"{'score_authenticity_immersion': 5, 'score_value_engagement': 5, 'score_brand_fit': 5, 'score_instruction_following': 5, 'critique': '专业科普，故事性强'}","{'score_authenticity_immersion': 4, 'score_value_engagement': 4, 'score_brand_fit': 4, 'score_instruction_following': 5, 'critique': '科普清晰，稍显平淡'}","{'score_authenticity_immersion': 3, 'score_value_engagement': 3, 'score_brand_fit': 3, 'score_instruction_following': 4, 'critique': '情感化，专业性稍弱'}"
127,social_media_myth_busting,A,4.75,3.5,4.75,专业科普，品牌契合度高,情感真挚，但专业性稍弱,故事性强，互动潜力高,"{'score_authenticity_immersion': 4, 'score_value_engagement': 5, 'score_brand_fit': 5, 'score_instruction_following': 5, 'critique': '专业科普，品牌契合度高'}","{'score_authenticity_immersion': 3, 'score_value_engagement': 3, 'score_brand_fit': 4, 'score_instruction_following': 4, 'critique': '情感真挚，但专业性稍弱'}","{'score_authenticity_immersion': 5, 'score_value_engagement': 5, 'score_brand_fit': 4, 'score_instruction_following': 5, 'critique': '故事性强，互动潜力高'}"
128,social_media_storytelling,A,5.0,3.75,4.0,故事真实感人，品牌契合度高,信息实用但故事性较弱,互动性强但品牌调性稍弱,"{'score_authenticity_immersion': 5, 'score_value_engagement': 5, 'score_brand_fit': 5, 'score_instruction_following': 5, 'critique': '故事真实感人，品牌契合度高'}","{'score_authenticity_immersion': 3, 'score_value_engagement': 4, 'score_brand_fit': 4, 'score_instruction_following': 4, 'critique': '信息实用但故事性较弱'}","{'score_authenticity_immersion': 4, 'score_value_engagement': 5, 'score_brand_fit': 3, 'score_instruction_following': 4, 'critique': '互动性强但品牌调性稍弱'}"
129,ecommerce_long_form,A,5.0,4.0,3.0,专业性强，逻辑清晰,信息全面，结构清晰,情感丰富，专业稍逊,"{'score_professionalism_persuasion': 5, 'score_clarity_value': 5, 'score_trust_building': 5, 'critique': '专业性强，逻辑清晰'}","{'score_professionalism_persuasion': 4, 'score_clarity_value': 4, 'score_trust_building': 4, 'critique': '信息全面，结构清晰'}","{'score_professionalism_persuasion': 3, 'score_clarity_value': 3, 'score_trust_building': 3, 'critique': '情感丰富，专业稍逊'}"
130,paid_ad_cta,B,4.4,5.0,3.6,文案简洁且信息完整，但开头问题略显平淡。,文案极其简洁且吸引力强，完美符合信息流广告要求。,文案过于冗长，不适合快速滑动的信息流广告场景。,"{'score_suitability_brevity': 4, 'score_click_appeal': 4, 'score_cta_effectiveness': 4, 'score_factual_accuracy': 5, 'score_instruction_following': 5, 'critique': '文案简洁且信息完整，但开头问题略显平淡。'}","{'score_suitability_brevity': 5, 'score_click_appeal': 5, 'score_cta_effectiveness': 5, 'score_factual_accuracy': 5, 'score_instruction_following': 5, 'critique': '文案极其简洁且吸引力强，完美符合信息流广告要求。'}","{'score_suitability_brevity': 2, 'score_click_appeal': 3, 'score_cta_effectiveness': 4, 'score_factual_accuracy': 5, 'score_instruction_following': 4, 'critique': '文案过于冗长，不适合快速滑动的信息流广告场景。'}"
131,paid_ad_pas,A,4.8,4.4,4.2,简洁有力，直接击中痛点并提供解决方案。,痛点放大效果强，但略显冗长。,内容丰富但过于冗长，不适合快速滑动场景。,"{'score_suitability_brevity': 5, 'score_click_appeal': 4, 'score_cta_effectiveness': 5, 'score_factual_accuracy': 5, 'score_instruction_following': 5, 'critique': '简洁有力，直接击中痛点并提供解决方案。'}","{'score_suitability_brevity': 3, 'score_click_appeal': 5, 'score_cta_effectiveness': 4, 'score_factual_accuracy': 5, 'score_instruction_following': 5, 'critique': '痛点放大效果强，但略显冗长。'}","{'score_suitability_brevity': 1, 'score_click_appeal': 5, 'score_cta_effectiveness': 5, 'score_factual_accuracy': 5, 'score_instruction_following': 5, 'critique': '内容丰富但过于冗长，不适合快速滑动场景。'}"
132,paid_ad_bab,A,4.6,3.8,4.0,简洁有力，直接击中用户痛点，CTA明确。,结构清晰但略显冗长，吸引力中等。,情感丰富但过于冗长，不适合快速阅读。,"{'score_suitability_brevity': 4, 'score_click_appeal': 4, 'score_cta_effectiveness': 5, 'score_factual_accuracy': 5, 'score_instruction_following': 5, 'critique': '简洁有力，直接击中用户痛点，CTA明确。'}","{'score_suitability_brevity': 3, 'score_click_appeal': 3, 'score_cta_effectiveness': 3, 'score_factual_accuracy': 5, 'score_instruction_following': 5, 'critique': '结构清晰但略显冗长，吸引力中等。'}","{'score_suitability_brevity': 2, 'score_click_appeal': 4, 'score_cta_effectiveness': 4, 'score_factual_accuracy': 5, 'score_instruction_following': 5, 'critique': '情感丰富但过于冗长，不适合快速阅读。'}"
133,paid_ad_fab,A,4.8,4.2,4.2,文案简洁有力，信息高度压缩，完美适配信息流广告。,开头极具冲击力，但CTA较弱，略显模板化。,文案内容丰富，但略显冗长，不够简洁。,"{'score_suitability_brevity': 5, 'score_click_appeal': 4, 'score_cta_effectiveness': 5, 'score_factual_accuracy': 5, 'score_instruction_following': 5, 'critique': '文案简洁有力，信息高度压缩，完美适配信息流广告。'}","{'score_suitability_brevity': 3, 'score_click_appeal': 5, 'score_cta_effectiveness': 3, 'score_factual_accuracy': 5, 'score_instruction_following': 5, 'critique': '开头极具冲击力，但CTA较弱，略显模板化。'}","{'score_suitability_brevity': 3, 'score_click_appeal': 4, 'score_cta_effectiveness': 4, 'score_factual_accuracy': 5, 'score_instruction_following': 5, 'critique': '文案内容丰富，但略显冗长，不够简洁。'}"
134,social_media_review,A,5.0,4.0,3.0,专业且真实的使用反馈,简洁但略显平淡,情感丰富但稍显夸张,"{'score_authenticity_immersion': 5, 'score_value_engagement': 5, 'score_brand_fit': 5, 'score_instruction_following': 5, 'critique': '专业且真实的使用反馈'}","{'score_authenticity_immersion': 4, 'score_value_engagement': 4, 'score_brand_fit': 4, 'score_instruction_following': 4, 'critique': '简洁但略显平淡'}","{'score_authenticity_immersion': 3, 'score_value_engagement': 3, 'score_brand_fit': 3, 'score_instruction_following': 3, 'critique': '情感丰富但稍显夸张'}"
135,social_media_educational,A,5.0,4.0,3.0,专业科普与故事完美融合,实用信息丰富但稍显常规,情感充沛但专业性稍弱,"{'score_authenticity_immersion': 5, 'score_value_engagement': 5, 'score_brand_fit': 5, 'score_instruction_following': 5, 'critique': '专业科普与故事完美融合'}","{'score_authenticity_immersion': 4, 'score_value_engagement': 4, 'score_brand_fit': 4, 'score_instruction_following': 4, 'critique': '实用信息丰富但稍显常规'}","{'score_authenticity_immersion': 3, 'score_value_engagement': 3, 'score_brand_fit': 3, 'score_instruction_following': 3, 'critique': '情感充沛但专业性稍弱'}"
136,social_media_myth_busting,A,4.75,4.75,3.5,专业且科学，破除误区,情感真挚，故事性强,内容丰富但稍显杂乱,"{'score_authenticity_immersion': 4, 'score_value_engagement': 5, 'score_brand_fit': 5, 'score_instruction_following': 5, 'critique': '专业且科学，破除误区'}","{'score_authenticity_immersion': 5, 'score_value_engagement': 5, 'score_brand_fit': 4, 'score_instruction_following': 5, 'critique': '情感真挚，故事性强'}","{'score_authenticity_immersion': 3, 'score_value_engagement': 4, 'score_brand_fit': 3, 'score_instruction_following': 4, 'critique': '内容丰富但稍显杂乱'}"
137,social_media_storytelling,A,5.0,4.0,3.25,真实感强，品牌契合度高,故事性较好，品牌契合度稍弱,广告感较重，品牌契合度一般,"{'score_authenticity_immersion': 5, 'score_value_engagement': 5, 'score_brand_fit': 5, 'score_instruction_following': 5, 'critique': '真实感强，品牌契合度高'}","{'score_authenticity_immersion': 4, 'score_value_engagement': 4, 'score_brand_fit': 4, 'score_instruction_following': 4, 'critique': '故事性较好，品牌契合度稍弱'}","{'score_authenticity_immersion': 3, 'score_value_engagement': 3, 'score_brand_fit': 3, 'score_instruction_following': 4, 'critique': '广告感较重，品牌契合度一般'}"
138,ecommerce_long_form,A,5.0,4.0,3.0,专业性强，信息清晰，信任感高,专业且清晰，但略显常规,信息全面但结构稍乱,"{'score_professionalism_persuasion': 5, 'score_clarity_value': 5, 'score_trust_building': 5, 'critique': '专业性强，信息清晰，信任感高'}","{'score_professionalism_persuasion': 4, 'score_clarity_value': 4, 'score_trust_building': 4, 'critique': '专业且清晰，但略显常规'}","{'score_professionalism_persuasion': 3, 'score_clarity_value': 3, 'score_trust_building': 3, 'critique': '信息全面但结构稍乱'}"
139,paid_ad_cta,B,4.6,4.8,4.6,简洁性极佳，信息高度压缩，完美适配信息流阅读场景。,极具冲击力，能迅速激发好奇心或击中痛点，让我不点就难受。,极具冲击力，但略有啰嗦，核心信息尚算清晰。,"{'score_suitability_brevity': 5, 'score_click_appeal': 4, 'score_cta_effectiveness': 4, 'score_factual_accuracy': 5, 'score_instruction_following': 5, 'critique': '简洁性极佳，信息高度压缩，完美适配信息流阅读场景。'}","{'score_suitability_brevity': 4, 'score_click_appeal': 5, 'score_cta_effectiveness': 5, 'score_factual_accuracy': 5, 'score_instruction_following': 5, 'critique': '极具冲击力，能迅速激发好奇心或击中痛点，让我不点就难受。'}","{'score_suitability_brevity': 3, 'score_click_appeal': 5, 'score_cta_effectiveness': 5, 'score_factual_accuracy': 5, 'score_instruction_following': 5, 'critique': '极具冲击力，但略有啰嗦，核心信息尚算清晰。'}"
140,paid_ad_pas,A,5.0,3.8,3.8,极具冲击力的开头，迅速激发好奇心,开头中规中矩，有一定吸引力但缺乏亮点,灾难性的冗长，完全不适合作为付费广告,"{'score_suitability_brevity': 5, 'score_click_appeal': 5, 'score_cta_effectiveness': 5, 'score_factual_accuracy': 5, 'score_instruction_following': 5, 'critique': '极具冲击力的开头，迅速激发好奇心'}","{'score_suitability_brevity': 3, 'score_click_appeal': 3, 'score_cta_effectiveness': 3, 'score_factual_accuracy': 5, 'score_instruction_following': 5, 'critique': '开头中规中矩，有一定吸引力但缺乏亮点'}","{'score_suitability_brevity': 1, 'score_click_appeal': 3, 'score_cta_effectiveness': 5, 'score_factual_accuracy': 5, 'score_instruction_following': 5, 'critique': '灾难性的冗长，完全不适合作为付费广告'}"
141,paid_ad_bab,A,5.0,4.0,3.2,简洁有力，直接击中敏感肌痛点，CTA明确,结构完整但略显冗长，CTA不够突出,灾难性冗长，诗意描述过多导致核心信息被稀释,"{'score_suitability_brevity': 5, 'score_click_appeal': 5, 'score_cta_effectiveness': 5, 'score_factual_accuracy': 5, 'score_instruction_following': 5, 'critique': '简洁有力，直接击中敏感肌痛点，CTA明确'}","{'score_suitability_brevity': 3, 'score_click_appeal': 4, 'score_cta_effectiveness': 3, 'score_factual_accuracy': 5, 'score_instruction_following': 5, 'critique': '结构完整但略显冗长，CTA不够突出'}","{'score_suitability_brevity': 1, 'score_click_appeal': 3, 'score_cta_effectiveness': 2, 'score_factual_accuracy': 5, 'score_instruction_following': 5, 'critique': '灾难性冗长，诗意描述过多导致核心信息被稀释'}"
142,paid_ad_fab,B,4.2,4.4,4.2,简洁性较好，但点击吸引力一般。,点击吸引力强，但过于冗长。,平衡了简洁性和吸引力，但CTA稍弱。,"{'score_suitability_brevity': 4, 'score_click_appeal': 3, 'score_cta_effectiveness': 4, 'score_factual_accuracy': 5, 'score_instruction_following': 5, 'critique': '简洁性较好，但点击吸引力一般。'}","{'score_suitability_brevity': 2, 'score_click_appeal': 5, 'score_cta_effectiveness': 5, 'score_factual_accuracy': 5, 'score_instruction_following': 5, 'critique': '点击吸引力强，但过于冗长。'}","{'score_suitability_brevity': 3, 'score_click_appeal': 4, 'score_cta_effectiveness': 4, 'score_factual_accuracy': 5, 'score_instruction_following': 5, 'critique': '平衡了简洁性和吸引力，但CTA稍弱。'}"
143,social_media_review,C,4.75,3.75,5.0,专业且真实的使用反馈,故事性稍弱但信息丰富,情感真挚且品牌契合度高,"{'score_authenticity_immersion': 4, 'score_value_engagement': 5, 'score_brand_fit': 5, 'score_instruction_following': 5, 'critique': '专业且真实的使用反馈'}","{'score_authenticity_immersion': 3, 'score_value_engagement': 4, 'score_brand_fit': 4, 'score_instruction_following': 4, 'critique': '故事性稍弱但信息丰富'}","{'score_authenticity_immersion': 5, 'score_value_engagement': 5, 'score_brand_fit': 5, 'score_instruction_following': 5, 'critique': '情感真挚且品牌契合度高'}"
144,social_media_educational,A,4.75,3.75,4.75,专业科普，信息丰富,科学性强，但故事性弱,情感真挚，互动性强,"{'score_authenticity_immersion': 4, 'score_value_engagement': 5, 'score_brand_fit': 5, 'score_instruction_following': 5, 'critique': '专业科普，信息丰富'}","{'score_authenticity_immersion': 3, 'score_value_engagement': 4, 'score_brand_fit': 4, 'score_instruction_following': 4, 'critique': '科学性强，但故事性弱'}","{'score_authenticity_immersion': 5, 'score_value_engagement': 5, 'score_brand_fit': 4, 'score_instruction_following': 5, 'critique': '情感真挚，互动性强'}"
145,social_media_myth_busting,A,5.0,4.0,3.0,专业科普，真实可信,信息实用，但稍显广告化,情感化强，但专业性不足,"{'score_authenticity_immersion': 5, 'score_value_engagement': 5, 'score_brand_fit': 5, 'score_instruction_following': 5, 'critique': '专业科普，真实可信'}","{'score_authenticity_immersion': 4, 'score_value_engagement': 4, 'score_brand_fit': 4, 'score_instruction_following': 4, 'critique': '信息实用，但稍显广告化'}","{'score_authenticity_immersion': 3, 'score_value_engagement': 3, 'score_brand_fit': 3, 'score_instruction_following': 3, 'critique': '情感化强，但专业性不足'}"
146,social_media_storytelling,A,5.0,4.25,3.25,情感真挚，专业与故事完美融合,温和故事，品牌契合度良好,内容直白，品牌调性稍弱,"{'score_authenticity_immersion': 5, 'score_value_engagement': 5, 'score_brand_fit': 5, 'score_instruction_following': 5, 'critique': '情感真挚，专业与故事完美融合'}","{'score_authenticity_immersion': 4, 'score_value_engagement': 4, 'score_brand_fit': 4, 'score_instruction_following': 5, 'critique': '温和故事，品牌契合度良好'}","{'score_authenticity_immersion': 3, 'score_value_engagement': 3, 'score_brand_fit': 3, 'score_instruction_following': 4, 'critique': '内容直白，品牌调性稍弱'}"
147,ecommerce_long_form,A,5.0,4.0,3.0,专业性强，逻辑严谨,信息清晰，但略显营销化,情感化表达，专业性不足,"{'score_professionalism_persuasion': 5, 'score_clarity_value': 5, 'score_trust_building': 5, 'critique': '专业性强，逻辑严谨'}","{'score_professionalism_persuasion': 4, 'score_clarity_value': 4, 'score_trust_building': 4, 'critique': '信息清晰，但略显营销化'}","{'score_professionalism_persuasion': 3, 'score_clarity_value': 3, 'score_trust_building': 3, 'critique': '情感化表达，专业性不足'}"
148,paid_ad_cta,A,5.0,3.4,3.4,钩子极具冲击力，迅速激发好奇心,开头平淡无奇，缺乏亮点,灾难性的冗长，完全不适合付费广告,"{'score_suitability_brevity': 5, 'score_click_appeal': 5, 'score_cta_effectiveness': 5, 'score_factual_accuracy': 5, 'score_instruction_following': 5, 'critique': '钩子极具冲击力，迅速激发好奇心'}","{'score_suitability_brevity': 3, 'score_click_appeal': 3, 'score_cta_effectiveness': 3, 'score_factual_accuracy': 5, 'score_instruction_following': 3, 'critique': '开头平淡无奇，缺乏亮点'}","{'score_suitability_brevity': 1, 'score_click_appeal': 3, 'score_cta_effectiveness': 5, 'score_factual_accuracy': 5, 'score_instruction_following': 3, 'critique': '灾难性的冗长，完全不适合付费广告'}"
149,paid_ad_pas,A,4.6,3.6,4.2,简洁有力，直接击中痛点,开头略显啰嗦，吸引力不足,灾难性的冗长，不适合付费广告,"{'score_suitability_brevity': 5, 'score_click_appeal': 4, 'score_cta_effectiveness': 4, 'score_factual_accuracy': 5, 'score_instruction_following': 5, 'critique': '简洁有力，直接击中痛点'}","{'score_suitability_brevity': 3, 'score_click_appeal': 3, 'score_cta_effectiveness': 3, 'score_factual_accuracy': 5, 'score_instruction_following': 4, 'critique': '开头略显啰嗦，吸引力不足'}","{'score_suitability_brevity': 1, 'score_click_appeal': 5, 'score_cta_effectiveness': 5, 'score_factual_accuracy': 5, 'score_instruction_following': 5, 'critique': '灾难性的冗长，不适合付费广告'}"
150,paid_ad_bab,A,4.6,3.8,4.2,简洁性极佳，信息高度压缩，完美适配信息流的阅读场景。,结构清晰，但略显冗长，部分内容可以更简洁。,灾难性的冗长，包含了大段的、不必要的细节，完全不适合作为付费广告。,"{'score_suitability_brevity': 5, 'score_click_appeal': 4, 'score_cta_effectiveness': 4, 'score_factual_accuracy': 5, 'score_instruction_following': 5, 'critique': '简洁性极佳，信息高度压缩，完美适配信息流的阅读场景。'}","{'score_suitability_brevity': 3, 'score_click_appeal': 3, 'score_cta_effectiveness': 3, 'score_factual_accuracy': 5, 'score_instruction_following': 5, 'critique': '结构清晰，但略显冗长，部分内容可以更简洁。'}","{'score_suitability_brevity': 1, 'score_click_appeal': 5, 'score_cta_effectiveness': 5, 'score_factual_accuracy': 5, 'score_instruction_following': 5, 'critique': '灾难性的冗长，包含了大段的、不必要的细节，完全不适合作为付费广告。'}"
151,paid_ad_fab,A,4.8,4.4,3.8,简洁性极佳，信息高度压缩，完美适配信息流的阅读场景。,极具冲击力，能迅速激发好奇心或击中痛点，但略有啰嗦。,灾难性的冗长，包含了大段的、不必要的细节，完全不适合作为付费广告。,"{'score_suitability_brevity': 5, 'score_click_appeal': 4, 'score_cta_effectiveness': 5, 'score_factual_accuracy': 5, 'score_instruction_following': 5, 'critique': '简洁性极佳，信息高度压缩，完美适配信息流的阅读场景。'}","{'score_suitability_brevity': 3, 'score_click_appeal': 5, 'score_cta_effectiveness': 4, 'score_factual_accuracy': 5, 'score_instruction_following': 5, 'critique': '极具冲击力，能迅速激发好奇心或击中痛点，但略有啰嗦。'}","{'score_suitability_brevity': 1, 'score_click_appeal': 3, 'score_cta_effectiveness': 5, 'score_factual_accuracy': 5, 'score_instruction_following': 5, 'critique': '灾难性的冗长，包含了大段的、不必要的细节，完全不适合作为付费广告。'}"
152,social_media_review,C,4.75,3.0,5.0,专业且引人入胜,内容重复，缺乏亮点,情感真挚，品牌契合度高,"{'score_authenticity_immersion': 4, 'score_value_engagement': 5, 'score_brand_fit': 5, 'score_instruction_following': 5, 'critique': '专业且引人入胜'}","{'score_authenticity_immersion': 3, 'score_value_engagement': 3, 'score_brand_fit': 3, 'score_instruction_following': 3, 'critique': '内容重复，缺乏亮点'}","{'score_authenticity_immersion': 5, 'score_value_engagement': 5, 'score_brand_fit': 5, 'score_instruction_following': 5, 'critique': '情感真挚，品牌契合度高'}"
153,social_media_educational,A,4.75,3.75,4.75,专业科普，品牌契合度高,信息丰富，但故事性稍弱,情感真挚，互动潜力高,"{'score_authenticity_immersion': 4, 'score_value_engagement': 5, 'score_brand_fit': 5, 'score_instruction_following': 5, 'critique': '专业科普，品牌契合度高'}","{'score_authenticity_immersion': 3, 'score_value_engagement': 4, 'score_brand_fit': 4, 'score_instruction_following': 4, 'critique': '信息丰富，但故事性稍弱'}","{'score_authenticity_immersion': 5, 'score_value_engagement': 5, 'score_brand_fit': 4, 'score_instruction_following': 5, 'critique': '情感真挚，互动潜力高'}"
154,social_media_myth_busting,A,4.75,3.75,4.75,专业科普，品牌契合度高,信息实用，但故事性稍弱,情感真挚，互动潜力高,"{'score_authenticity_immersion': 4, 'score_value_engagement': 5, 'score_brand_fit': 5, 'score_instruction_following': 5, 'critique': '专业科普，品牌契合度高'}","{'score_authenticity_immersion': 3, 'score_value_engagement': 4, 'score_brand_fit': 4, 'score_instruction_following': 4, 'critique': '信息实用，但故事性稍弱'}","{'score_authenticity_immersion': 5, 'score_value_engagement': 5, 'score_brand_fit': 4, 'score_instruction_following': 5, 'critique': '情感真挚，互动潜力高'}"
155,social_media_storytelling,B,4.5,5.0,4.0,真实故事与品牌专业完美融合,情感真挚，科普与故事结合,内容丰富但稍显广告化,"{'score_authenticity_immersion': 4, 'score_value_engagement': 4, 'score_brand_fit': 5, 'score_instruction_following': 5, 'critique': '真实故事与品牌专业完美融合'}","{'score_authenticity_immersion': 5, 'score_value_engagement': 5, 'score_brand_fit': 5, 'score_instruction_following': 5, 'critique': '情感真挚，科普与故事结合'}","{'score_authenticity_immersion': 3, 'score_value_engagement': 4, 'score_brand_fit': 4, 'score_instruction_following': 5, 'critique': '内容丰富但稍显广告化'}"
156,ecommerce_long_form,A,5.0,4.0,3.0,专业性强，逻辑严谨，信任感十足,科学可读，结构清晰，信任背书,信息完整，但略显营销化,"{'score_professionalism_persuasion': 5, 'score_clarity_value': 5, 'score_trust_building': 5, 'critique': '专业性强，逻辑严谨，信任感十足'}","{'score_professionalism_persuasion': 4, 'score_clarity_value': 4, 'score_trust_building': 4, 'critique': '科学可读，结构清晰，信任背书'}","{'score_professionalism_persuasion': 3, 'score_clarity_value': 3, 'score_trust_building': 3, 'critique': '信息完整，但略显营销化'}"
157,paid_ad_cta,B,4.0,4.8,4.4,文案简洁且信息准确，但钩子部分吸引力一般。,文案结构清晰，钩子吸引人，CTA明确且有力。,钩子极具吸引力，但文案略显冗长，不够简洁。,"{'score_suitability_brevity': 4, 'score_click_appeal': 3, 'score_cta_effectiveness': 4, 'score_factual_accuracy': 5, 'score_instruction_following': 4, 'critique': '文案简洁且信息准确，但钩子部分吸引力一般。'}","{'score_suitability_brevity': 5, 'score_click_appeal': 4, 'score_cta_effectiveness': 5, 'score_factual_accuracy': 5, 'score_instruction_following': 5, 'critique': '文案结构清晰，钩子吸引人，CTA明确且有力。'}","{'score_suitability_brevity': 3, 'score_click_appeal': 5, 'score_cta_effectiveness': 5, 'score_factual_accuracy': 5, 'score_instruction_following': 4, 'critique': '钩子极具吸引力，但文案略显冗长，不够简洁。'}"
158,paid_ad_pas,B,4.6,5.0,4.4,文案简洁有力，痛点放大和解决方案结合紧密，CTA明确。,文案极其简洁，痛点放大和解决方案清晰，CTA强烈且直接。,文案吸引力强，但略显冗长，部分细节可以更简洁。,"{'score_suitability_brevity': 4, 'score_click_appeal': 4, 'score_cta_effectiveness': 5, 'score_factual_accuracy': 5, 'score_instruction_following': 5, 'critique': '文案简洁有力，痛点放大和解决方案结合紧密，CTA明确。'}","{'score_suitability_brevity': 5, 'score_click_appeal': 5, 'score_cta_effectiveness': 5, 'score_factual_accuracy': 5, 'score_instruction_following': 5, 'critique': '文案极其简洁，痛点放大和解决方案清晰，CTA强烈且直接。'}","{'score_suitability_brevity': 3, 'score_click_appeal': 5, 'score_cta_effectiveness': 4, 'score_factual_accuracy': 5, 'score_instruction_following': 5, 'critique': '文案吸引力强，但略显冗长，部分细节可以更简洁。'}"
159,paid_ad_bab,A,4.8,3.8,3.4,文案简洁有力，直接击中肌肤问题痛点，CTA明确。,结构清晰但略显冗长，吸引力中等，CTA较弱。,文案过于冗长，不符合信息流广告的简洁要求，吸引力低。,"{'score_suitability_brevity': 5, 'score_click_appeal': 4, 'score_cta_effectiveness': 5, 'score_factual_accuracy': 5, 'score_instruction_following': 5, 'critique': '文案简洁有力，直接击中肌肤问题痛点，CTA明确。'}","{'score_suitability_brevity': 3, 'score_click_appeal': 3, 'score_cta_effectiveness': 3, 'score_factual_accuracy': 5, 'score_instruction_following': 5, 'critique': '结构清晰但略显冗长，吸引力中等，CTA较弱。'}","{'score_suitability_brevity': 1, 'score_click_appeal': 2, 'score_cta_effectiveness': 4, 'score_factual_accuracy': 5, 'score_instruction_following': 5, 'critique': '文案过于冗长，不符合信息流广告的简洁要求，吸引力低。'}"
160,paid_ad_fab,B,4.2,5.0,3.6,文案包含具体数据，增强了可信度，但略显冗长。,简洁有力，核心信息突出，CTA明确且吸引人。,信息过于详细，适合长文案但不适合快速阅读的信息流广告。,"{'score_suitability_brevity': 3, 'score_click_appeal': 4, 'score_cta_effectiveness': 4, 'score_factual_accuracy': 5, 'score_instruction_following': 5, 'critique': '文案包含具体数据，增强了可信度，但略显冗长。'}","{'score_suitability_brevity': 5, 'score_click_appeal': 5, 'score_cta_effectiveness': 5, 'score_factual_accuracy': 5, 'score_instruction_following': 5, 'critique': '简洁有力，核心信息突出，CTA明确且吸引人。'}","{'score_suitability_brevity': 2, 'score_click_appeal': 3, 'score_cta_effectiveness': 4, 'score_factual_accuracy': 5, 'score_instruction_following': 4, 'critique': '信息过于详细，适合长文案但不适合快速阅读的信息流广告。'}"
161,social_media_review,A,5.0,4.0,3.0,真实感强，品牌契合度高,内容有价值，但品牌契合度稍弱,情感真挚，但专业感不足,"{'score_authenticity_immersion': 5, 'score_value_engagement': 5, 'score_brand_fit': 5, 'score_instruction_following': 5, 'critique': '真实感强，品牌契合度高'}","{'score_authenticity_immersion': 4, 'score_value_engagement': 4, 'score_brand_fit': 4, 'score_instruction_following': 4, 'critique': '内容有价值，但品牌契合度稍弱'}","{'score_authenticity_immersion': 3, 'score_value_engagement': 3, 'score_brand_fit': 3, 'score_instruction_following': 3, 'critique': '情感真挚，但专业感不足'}"
162,social_media_educational,A,4.75,3.75,4.0,专业科普，品牌契合度高,科学性强，但故事性稍弱,情感丰富，但专业度稍逊,"{'score_authenticity_immersion': 4, 'score_value_engagement': 5, 'score_brand_fit': 5, 'score_instruction_following': 5, 'critique': '专业科普，品牌契合度高'}","{'score_authenticity_immersion': 3, 'score_value_engagement': 4, 'score_brand_fit': 4, 'score_instruction_following': 4, 'critique': '科学性强，但故事性稍弱'}","{'score_authenticity_immersion': 5, 'score_value_engagement': 4, 'score_brand_fit': 3, 'score_instruction_following': 4, 'critique': '情感丰富，但专业度稍逊'}"
163,social_media_myth_busting,A,5.0,4.0,3.0,专业科普，故事性强,信息丰富，稍显广告感,情感真挚，专业性稍弱,"{'score_authenticity_immersion': 5, 'score_value_engagement': 5, 'score_brand_fit': 5, 'score_instruction_following': 5, 'critique': '专业科普，故事性强'}","{'score_authenticity_immersion': 4, 'score_value_engagement': 4, 'score_brand_fit': 4, 'score_instruction_following': 4, 'critique': '信息丰富，稍显广告感'}","{'score_authenticity_immersion': 3, 'score_value_engagement': 3, 'score_brand_fit': 3, 'score_instruction_following': 3, 'critique': '情感真挚，专业性稍弱'}"
164,social_media_storytelling,A,5.0,4.0,3.0,情感真挚，品牌契合度高,故事真实，但品牌调性稍弱,内容实用，但广告感较强,"{'score_authenticity_immersion': 5, 'score_value_engagement': 5, 'score_brand_fit': 5, 'score_instruction_following': 5, 'critique': '情感真挚，品牌契合度高'}","{'score_authenticity_immersion': 4, 'score_value_engagement': 4, 'score_brand_fit': 4, 'score_instruction_following': 4, 'critique': '故事真实，但品牌调性稍弱'}","{'score_authenticity_immersion': 3, 'score_value_engagement': 3, 'score_brand_fit': 3, 'score_instruction_following': 3, 'critique': '内容实用，但广告感较强'}"
165,ecommerce_long_form,B,4.0,5.0,3.0,专业性强，逻辑清晰,科学验证，信任感强,情感丰富，专业稍弱,"{'score_professionalism_persuasion': 4, 'score_clarity_value': 4, 'score_trust_building': 4, 'critique': '专业性强，逻辑清晰'}","{'score_professionalism_persuasion': 5, 'score_clarity_value': 5, 'score_trust_building': 5, 'critique': '科学验证，信任感强'}","{'score_professionalism_persuasion': 3, 'score_clarity_value': 3, 'score_trust_building': 3, 'critique': '情感丰富，专业稍弱'}"
166,paid_ad_cta,B,4.4,4.8,4.0,简洁性极佳，但点击吸引力略显不足,极具冲击力的开头和明确的CTA,信息过于冗长，不适合快速浏览,"{'score_suitability_brevity': 5, 'score_click_appeal': 3, 'score_cta_effectiveness': 4, 'score_factual_accuracy': 5, 'score_instruction_following': 5, 'critique': '简洁性极佳，但点击吸引力略显不足'}","{'score_suitability_brevity': 4, 'score_click_appeal': 5, 'score_cta_effectiveness': 5, 'score_factual_accuracy': 5, 'score_instruction_following': 5, 'critique': '极具冲击力的开头和明确的CTA'}","{'score_suitability_brevity': 2, 'score_click_appeal': 4, 'score_cta_effectiveness': 4, 'score_factual_accuracy': 5, 'score_instruction_following': 5, 'critique': '信息过于冗长，不适合快速浏览'}"
167,paid_ad_pas,A,4.8,3.6,4.8,简洁有力，直接击中敏感肌痛点，CTA明确。,过于冗长，信息流广告中容易被忽略。,极具吸引力，痛点放大到位，CTA强烈且有额外激励。,"{'score_suitability_brevity': 5, 'score_click_appeal': 4, 'score_cta_effectiveness': 5, 'score_factual_accuracy': 5, 'score_instruction_following': 5, 'critique': '简洁有力，直接击中敏感肌痛点，CTA明确。'}","{'score_suitability_brevity': 2, 'score_click_appeal': 3, 'score_cta_effectiveness': 4, 'score_factual_accuracy': 5, 'score_instruction_following': 4, 'critique': '过于冗长，信息流广告中容易被忽略。'}","{'score_suitability_brevity': 4, 'score_click_appeal': 5, 'score_cta_effectiveness': 5, 'score_factual_accuracy': 5, 'score_instruction_following': 5, 'critique': '极具吸引力，痛点放大到位，CTA强烈且有额外激励。'}"
168,paid_ad_bab,A,4.8,3.8,2.6,简洁有力，直接击中敏感肌痛点，CTA明确。,结构完整但略显冗长，情感共鸣部分可更简洁。,过于冗长，情感描述过多，不适合快速阅读的信息流广告。,"{'score_suitability_brevity': 5, 'score_click_appeal': 4, 'score_cta_effectiveness': 5, 'score_factual_accuracy': 5, 'score_instruction_following': 5, 'critique': '简洁有力，直接击中敏感肌痛点，CTA明确。'}","{'score_suitability_brevity': 3, 'score_click_appeal': 3, 'score_cta_effectiveness': 3, 'score_factual_accuracy': 5, 'score_instruction_following': 5, 'critique': '结构完整但略显冗长，情感共鸣部分可更简洁。'}","{'score_suitability_brevity': 1, 'score_click_appeal': 2, 'score_cta_effectiveness': 2, 'score_factual_accuracy': 5, 'score_instruction_following': 3, 'critique': '过于冗长，情感描述过多，不适合快速阅读的信息流广告。'}"
169,paid_ad_fab,A,4.8,4.2,3.6,文案简洁有力，信息高度压缩，完美适配信息流的阅读场景。,文案内容丰富，但略显冗长，核心信息尚算清晰。,文案过于冗长，包含了大段的、不必要的细节，完全不适合作为付费广告。,"{'score_suitability_brevity': 5, 'score_click_appeal': 4, 'score_cta_effectiveness': 5, 'score_factual_accuracy': 5, 'score_instruction_following': 5, 'critique': '文案简洁有力，信息高度压缩，完美适配信息流的阅读场景。'}","{'score_suitability_brevity': 3, 'score_click_appeal': 4, 'score_cta_effectiveness': 4, 'score_factual_accuracy': 5, 'score_instruction_following': 5, 'critique': '文案内容丰富，但略显冗长，核心信息尚算清晰。'}","{'score_suitability_brevity': 2, 'score_click_appeal': 3, 'score_cta_effectiveness': 3, 'score_factual_accuracy': 5, 'score_instruction_following': 5, 'critique': '文案过于冗长，包含了大段的、不必要的细节，完全不适合作为付费广告。'}"
